order_id,account_id,bank_to,amount,purpose
29401,1,YZ,2452.0,household
29402,2,ST,3372.7,loan_repayment
29403,2,QR,7266.0,household
29404,3,WX,1135.0,household
29405,3,CD,327.0,other
29406,3,AB,3539.0,insurance
29407,4,UV,2078.0,household
29408,4,UV,1285.0,household
29409,5,GH,2668.0,household
29410,6,AB,3954.0,household
29411,7,IJ,4880.0,household
29412,8,UV,2612.0,household
29413,8,IJ,6712.0,other
29414,10,UV,7033.0,household
29415,10,QR,1344.0,leasing
29416,11,ST,2132.0,household
29417,12,CD,297.0,household
29418,12,KL,3295.0,household
29419,13,EF,2444.0,household
29420,14,WX,3629.0,household
29421,15,KL,3072.0,household
29422,17,EF,4032.0,household
29423,19,QR,2523.2,loan_repayment
29425,20,AB,2003.0,household
29426,21,YZ,6276.0,household
29427,22,ST,6352.0,household
29428,23,MN,5807.0,household
29429,24,IJ,221.0,household
29430,24,QR,7641.0,other
29431,25,YZ,2523.2,loan_repayment
29432,25,IJ,6817.0,household
29433,25,AB,1110.0,other
29434,25,WX,164.0,insurance
29435,26,EF,10387.0,household
29436,27,CD,4054.0,household
29439,29,ST,6871.0,household
29440,29,MN,829.0,other
29441,29,UV,8.0,insurance
29442,30,EF,2480.2,leasing
29443,31,ST,10202.0,household
29444,33,KL,3892.0,household
29445,34,WX,1479.0,leasing
29446,34,GH,502.0,household
29447,34,IJ,6070.0,other
29448,35,MN,1022.0,household
29449,35,MN,1362.0,household
29450,36,CD,4069.0,household
29451,37,QR,5307.5,loan_repayment
29452,37,IJ,2317.0,household
29453,37,OP,2584.0,other
29454,37,YZ,97.0,insurance
29455,38,QR,2306.8,loan_repayment
29456,38,EF,6901.0,household
29457,38,KL,231.0,other
29458,38,OP,228.0,insurance
29459,39,CD,145.0,household
29460,39,WX,2970.0,household
29461,40,ST,33.0,household
29462,40,MN,4301.0,other
29463,42,CD,4239.0,household
29464,42,KL,239.0,other
29465,42,YZ,1592.0,insurance
29466,43,CD,6589.0,household
29467,44,GH,2344.0,household
29470,47,KL,6940.0,household
29471,47,KL,174.0,other
29472,47,EF,141.0,insurance
29473,47,UV,9.0,other
29474,48,AB,6268.0,household
29475,48,ST,1029.0,other
29476,49,CD,3102.0,household
29477,50,WX,269.0,household
29478,50,UV,7024.0,other
29479,51,KL,2074.0,household
29480,51,KL,2057.0,other
29481,52,EF,560.0,household
29482,52,QR,3723.0,other
29483,53,MN,2851.0,household
29484,54,IJ,2280.0,household
29485,55,EF,3086.0,household
29486,56,KL,8080.0,household
29487,57,YZ,4107.0,household
29489,59,IJ,695.0,household
29490,59,ST,6190.0,other
29493,61,EF,1645.0,household
29494,61,IJ,668.0,household
29495,62,EF,2273.0,household
29496,63,CD,2237.0,household
29497,63,EF,157.0,household
29498,65,YZ,686.0,household
29499,65,CD,3315.0,other
29500,65,GH,3401.0,insurance
29501,66,GH,4471.3,leasing
29502,67,YZ,6915.0,loan_repayment
29503,67,YZ,6393.0,household
29504,67,UV,445.0,other
29505,68,WX,1705.0,household
29506,68,IJ,1186.0,other
29507,68,ST,137.0,insurance
29508,68,MN,61.0,other
29509,70,KL,4150.0,household
29510,71,YZ,968.0,household
29511,71,IJ,1602.0,other
29512,71,OP,1011.0,insurance
29513,71,QR,778.0,other
29514,72,OP,2923.0,leasing
29515,72,EF,7109.0,household
29516,72,ST,2286.0,other
29517,73,CD,6061.0,household
29522,75,IJ,3369.0,household
29523,76,MN,5208.0,household
29524,77,ST,1709.0,leasing
29525,78,WX,9039.0,household
29526,79,CD,2788.0,household
29527,80,IJ,2252.0,household
29528,81,QR,1765.0,household
29529,81,MN,62.0,other
29530,81,GH,229.0,insurance
29531,83,AB,2210.0,household
29532,83,EF,3940.0,other
29533,84,ST,1709.0,leasing
29534,84,ST,12452.0,household
29535,85,IJ,3831.0,household
29536,85,OP,1792.0,leasing
29537,86,WX,1002.0,household
29538,86,MN,1160.0,other
29541,88,ST,2268.0,household
29542,90,ST,2774.0,household
29543,90,UV,2375.0,other
29544,90,MN,4372.0,insurance
29545,90,YZ,361.0,other
29554,96,CD,4422.1,leasing
29555,96,QR,908.0,household
29556,96,WX,2140.0,other
29557,96,EF,46.0,insurance
29558,96,EF,644.0,other
29559,97,ST,1436.0,household
29560,97,CD,2411.0,other
29561,97,ST,3.0,insurance
29562,97,CD,15.0,other
29563,97,MN,8573.0,loan_repayment
29564,98,CD,1569.0,household
29565,98,WX,749.0,household
29566,99,CD,4503.0,household
29567,99,EF,4682.0,other
29568,100,UV,598.0,household
29569,100,GH,7329.0,other
29570,101,KL,8037.0,household
29571,101,GH,855.0,other
29572,102,EF,7370.2,loan_repayment
29573,102,KL,3373.0,household
29574,102,UV,377.0,other
29575,103,MN,7370.2,loan_repayment
29576,104,MN,578.0,household
29577,104,ST,1464.0,other
29578,105,UV,7348.0,loan_repayment
29579,106,WX,3735.0,household
29580,107,IJ,2015.0,household
29581,107,IJ,1580.0,other
29582,107,QR,959.0,insurance
29583,108,CD,4803.0,household
29584,110,OP,3050.0,household
29585,110,YZ,98.0,other
29586,110,ST,4516.0,loan_repayment
29589,112,AB,2051.0,household
29590,113,GH,3146.0,household
29591,114,QR,1590.0,household
29592,114,MN,533.0,household
29593,115,EF,5110.0,household
29594,116,KL,5529.0,household
29595,116,ST,927.0,leasing
29596,117,CD,2329.0,household
29597,118,IJ,2449.0,household
29598,119,ST,8252.0,household
29599,120,YZ,1899.0,leasing
29600,120,ST,3965.0,household
29601,121,YZ,794.0,household
29602,121,UV,929.0,other
29603,121,MN,393.0,insurance
29604,123,KL,3016.0,household
29605,124,IJ,447.0,household
29606,124,OP,575.0,other
29607,124,OP,971.0,insurance
29608,125,IJ,4422.1,leasing
29609,126,WX,7384.0,household
29610,127,YZ,2242.0,household
29611,129,IJ,3417.0,household
29612,130,IJ,3969.0,household
29613,131,UV,6904.0,household
29614,132,WX,7370.2,loan_repayment
29615,133,OP,3094.0,leasing
29616,133,EF,4943.0,household
29617,133,CD,5123.0,other
29618,136,MN,2932.0,household
29619,137,GH,3464.0,household
29620,137,UV,787.0,other
29621,141,KL,3016.5,leasing
29622,141,KL,3462.0,household
29623,141,WX,1791.0,other
29624,141,GH,6716.0,insurance
29625,142,YZ,1845.0,household
29626,143,YZ,2272.0,household
29627,145,GH,4815.0,household
29628,146,AB,3823.0,household
29631,148,KL,487.0,household
29632,148,GH,89.0,other
29633,148,QR,1736.0,insurance
29634,151,QR,411.0,household
29635,151,KL,2668.0,other
29636,152,OP,426.0,household
29637,152,OP,2993.0,other
29638,153,UV,4544.0,household
29639,154,MN,3891.0,household
29640,155,KL,2988.0,household
29641,156,QR,2030.0,household
29642,157,AB,3991.0,household
29643,158,ST,3420.0,household
29644,159,GH,8694.0,household
29645,160,QR,2374.0,household
29646,160,ST,5552.0,other
29647,161,GH,1389.0,household
29648,161,WX,892.0,household
29649,162,GH,3458.0,household
29650,163,UV,3116.0,household
29651,163,IJ,612.0,household
29652,165,OP,1788.0,household
29653,166,QR,3044.0,household
29654,168,WX,2013.0,household
29655,169,IJ,4975.0,household
29656,169,KL,696.0,leasing
29657,171,UV,3486.0,household
29658,172,OP,4221.0,household
29659,173,KL,6256.0,household
29660,173,KL,1428.0,other
29661,173,CD,735.0,insurance
29662,173,CD,189.0,other
29663,173,UV,8734.0,loan_repayment
29664,174,QR,2139.0,household
29667,176,GH,2288.3,loan_repayment
29668,176,AB,4564.0,household
29669,176,OP,36.0,other
29670,176,QR,97.0,insurance
29671,178,OP,1482.0,household
29672,178,ST,505.0,other
29673,179,UV,7615.0,household
29674,179,IJ,1066.0,other
29675,179,AB,378.0,insurance
29676,179,OP,4608.0,other
29677,181,KL,6780.0,household
29678,183,AB,5202.0,household
29679,183,GH,752.0,other
29680,184,IJ,1623.0,leasing
29681,185,IJ,6526.0,household
29682,186,GH,6862.0,household
29683,187,UV,2798.0,household
29684,188,AB,7426.0,household
29685,189,GH,4244.0,household
29686,189,OP,750.0,other
29687,189,MN,360.0,insurance
29688,190,YZ,4519.0,household
29689,190,WX,3233.0,other
29690,190,WX,42.0,insurance
29691,190,YZ,1316.0,other
29692,191,YZ,4420.9,leasing
29693,192,IJ,3583.0,household
29694,193,QR,7110.0,household
29695,194,CD,2648.0,household
29696,195,AB,6260.0,household
29697,196,MN,1270.0,household
29698,196,AB,4417.0,other
29699,196,KL,2554.0,insurance
29700,196,IJ,385.0,other
29701,197,EF,9454.0,household
29702,198,MN,700.0,household
29703,198,QR,2166.0,household
29704,199,CD,1984.0,household
29705,201,OP,9584.0,household
29711,204,UV,1950.0,household
29712,205,AB,4297.0,household
29713,206,KL,2902.0,household
29714,207,KL,403.0,household
29715,207,GH,10.0,other
29716,207,AB,2726.0,insurance
29717,208,AB,4148.0,household
29718,208,CD,1767.0,other
29719,208,UV,986.0,insurance
29720,208,OP,545.0,other
29721,209,QR,483.0,household
29722,209,EF,41.0,other
29723,209,KL,1796.0,insurance
29724,210,IJ,7534.0,household
29725,211,IJ,2394.0,leasing
29726,212,EF,13841.0,household
29727,213,EF,5625.0,household
29728,214,EF,2097.0,household
29729,215,MN,2121.0,household
29730,216,KL,1486.0,household
29731,216,GH,1513.0,household
29732,217,CD,3459.0,household
29733,217,YZ,653.0,leasing
29734,218,IJ,3182.0,leasing
29735,219,GH,2336.0,household
29736,219,OP,2988.0,other
29737,220,QR,3095.0,household
29738,221,CD,7896.0,household
29739,222,WX,3440.9,leasing
29740,224,EF,3503.0,household
29741,225,MN,3383.0,household
29742,225,KL,2.0,other
29743,226,UV,8928.0,household
29744,226,GH,9112.0,loan_repayment
29745,227,GH,9381.0,household
29746,228,QR,1946.0,household
29747,228,EF,2158.0,other
29748,229,ST,2505.0,household
29749,230,ST,5615.0,household
29750,230,AB,1527.0,other
29751,230,KL,1058.0,insurance
29752,231,WX,2073.0,household
29753,232,KL,3643.0,household
29755,234,MN,2809.0,household
29756,235,MN,895.0,household
29757,235,KL,1321.0,other
29758,237,AB,152.0,household
29759,237,AB,1788.0,other
29760,238,IJ,2234.0,household
29761,239,CD,1042.0,household
29762,239,MN,5995.0,other
29763,239,IJ,152.0,insurance
29764,240,WX,9621.0,household
29765,240,OP,1050.0,leasing
29766,241,QR,1344.0,household
29767,241,MN,632.0,other
29768,241,EF,610.0,insurance
29769,242,WX,1062.0,household
29770,242,WX,2977.0,other
29771,243,KL,1041.0,leasing
29772,243,GH,3067.0,household
29773,244,MN,2190.0,household
29774,244,OP,226.0,other
29775,244,GH,232.0,insurance
29776,246,YZ,1970.0,household
29780,248,AB,2484.9,leasing
29781,249,OP,5618.0,household
29782,249,GH,1876.0,other
29783,250,WX,3066.0,household
29784,251,AB,3059.0,household
29785,252,CD,1767.0,household
29788,255,WX,5323.0,household
29789,257,ST,3816.7,leasing
29790,257,GH,14166.0,household
29791,258,KL,3737.0,household
29792,259,MN,297.0,household
29793,259,EF,2857.0,household
29794,260,GH,5247.0,household
29795,261,IJ,2182.0,household
29796,261,ST,371.0,other
29797,263,WX,6145.0,household
29798,264,YZ,3307.0,household
29799,265,EF,2900.0,household
29800,266,WX,4975.2,leasing
29801,267,KL,3074.0,household
29802,268,OP,3121.0,household
29803,269,QR,456.0,household
29804,269,YZ,1690.0,other
29805,270,QR,5462.0,household
29806,271,QR,1535.0,household
29807,272,IJ,7454.0,household
29808,273,ST,1320.1,leasing
29809,273,OP,5965.0,household
29810,273,EF,178.0,other
29811,273,YZ,1836.0,insurance
29812,274,ST,9886.0,household
29813,275,CD,198.0,household
29814,275,UV,2062.0,other
29815,276,AB,4470.5,loan_repayment
29816,276,EF,5212.0,household
29817,277,ST,2682.3,leasing
29818,278,IJ,3362.0,household
29819,278,MN,676.0,leasing
29820,279,EF,624.0,household
29821,279,QR,1380.0,other
29822,280,KL,3334.0,household
29823,280,UV,4694.0,other
29824,280,QR,957.0,leasing
29825,281,CD,5578.0,household
29826,282,GH,7531.0,household
29827,282,AB,802.0,other
29828,283,OP,2802.0,household
29829,284,EF,5629.0,household
29830,285,UV,667.0,leasing
29831,286,ST,9848.0,household
29832,287,CD,772.0,household
29833,287,EF,1572.0,household
29834,288,WX,3257.0,household
29835,288,QR,207.0,household
29836,289,AB,5745.0,household
29837,289,OP,2621.0,other
29838,290,YZ,2577.0,loan_repayment
29839,290,UV,2653.0,household
29840,290,IJ,3274.0,other
29841,291,YZ,1941.9,leasing
29842,291,EF,62.0,household
29843,291,YZ,12925.0,other
29844,292,KL,1986.0,household
29845,293,QR,1636.0,household
29846,293,QR,845.0,other
29847,293,EF,1366.0,insurance
29848,294,MN,5842.0,household
29849,294,KL,145.0,other
29850,294,IJ,430.0,insurance
29851,294,UV,156.0,other
29852,295,AB,6992.0,household
29853,296,AB,2646.0,household
29854,300,YZ,1628.0,household
29855,301,IJ,1950.0,household
29856,302,ST,3236.0,household
29857,303,KL,3803.0,household
29858,303,UV,3132.0,loan_repayment
29859,304,AB,14367.0,household
29860,305,ST,2953.0,household
29861,306,IJ,3657.0,household
29862,308,CD,1284.0,leasing
29863,309,UV,1901.0,loan_repayment
29865,311,CD,4777.0,household
29866,311,WX,371.0,other
29867,311,GH,3375.0,insurance
29868,311,YZ,355.0,other
29869,311,YZ,422.0,loan_repayment
29870,312,WX,7814.0,household
29871,313,GH,2294.0,household
29872,314,WX,2785.0,loan_repayment
29873,314,KL,13691.0,household
29874,315,MN,3509.0,loan_repayment
29875,317,QR,3068.0,household
29876,318,GH,2858.0,household
29877,319,GH,6149.5,loan_repayment
29878,319,KL,1057.0,household
29879,319,KL,2196.0,other
29880,319,AB,416.0,insurance
29881,321,UV,1876.0,household
29882,322,ST,6550.0,household
29883,323,GH,3025.0,household
29884,324,OP,1785.0,household
29885,324,KL,284.0,household
29886,325,GH,2741.0,household
29887,326,MN,1881.0,household
29888,326,EF,1567.0,household
29889,327,OP,3252.0,household
29890,327,IJ,3805.0,other
29891,328,OP,1287.0,household
29892,328,GH,1145.0,household
29893,329,GH,792.0,household
29894,329,UV,3110.0,other
29895,330,OP,6908.0,loan_repayment
29896,331,UV,3528.0,household
29897,332,MN,2385.0,household
29898,333,QR,1634.0,household
29899,333,QR,72.0,other
29900,333,AB,292.0,insurance
29901,334,IJ,2374.0,household
29902,334,MN,1168.0,other
29903,335,GH,2697.0,household
29904,336,AB,4067.0,household
29905,338,AB,2252.0,household
29906,339,OP,7801.2,loan_repayment
29907,339,WX,4087.0,household
29908,339,IJ,48.0,other
29909,340,CD,917.0,household
29910,340,YZ,901.0,household
29911,342,KL,2332.0,household
29912,343,QR,2505.0,household
29913,344,WX,4739.0,household
29914,344,CD,1683.0,loan_repayment
29915,345,QR,8819.0,household
29916,346,KL,7875.0,household
29917,347,CD,7801.2,loan_repayment
29918,349,ST,4660.0,household
29919,349,YZ,3568.0,loan_repayment
29920,350,AB,3791.0,household
29921,352,KL,1992.0,household
29922,353,UV,2687.0,household
29923,353,CD,879.0,household
29924,354,UV,4771.0,household
29925,355,WX,5012.0,household
29926,355,GH,2927.0,other
29927,356,GH,4188.0,household
29928,357,EF,1788.0,household
29929,357,IJ,280.0,other
29930,358,UV,532.0,household
29931,358,ST,1434.0,other
29932,358,ST,27.0,insurance
29933,358,ST,73.0,other
29934,359,UV,3544.0,household
29935,361,YZ,1941.0,household
29936,361,ST,1388.0,other
29937,362,ST,6001.0,household
29938,362,ST,292.0,other
29939,362,EF,68.0,insurance
29940,364,ST,2221.0,household
29941,365,YZ,1766.0,leasing
29942,365,QR,11528.0,household
29943,365,QR,1782.0,other
29944,365,UV,5.0,insurance
29945,365,UV,9.0,other
29946,366,IJ,2442.0,household
29947,366,YZ,1914.0,other
29948,366,QR,836.0,insurance
29949,366,ST,3188.0,other
29950,367,KL,6384.0,household
29951,368,ST,4381.0,household
29952,368,EF,742.0,other
29953,368,UV,269.0,insurance
29954,368,YZ,217.0,other
29955,368,UV,1071.0,leasing
29959,370,MN,215.0,household
29960,370,EF,1188.0,other
29961,370,KL,672.0,insurance
29962,372,ST,7785.0,household
29963,372,MN,2148.0,other
29964,373,OP,6452.0,household
29965,375,KL,3824.0,household
29966,376,IJ,7097.0,household
29967,378,MN,3840.2,loan_repayment
29968,378,KL,8537.0,household
29969,378,AB,1184.0,other
29970,378,ST,2.0,insurance
29971,378,KL,4.0,other
29972,379,CD,1561.0,household
29973,379,CD,434.0,other
29974,379,GH,177.0,insurance
29975,379,IJ,312.0,other
29979,382,IJ,2235.0,household
29980,382,OP,27.0,other
29981,382,MN,14.0,insurance
29982,383,EF,2057.0,household
29983,384,MN,2304.1,leasing
29984,385,WX,2160.0,household
29985,385,ST,31.0,other
29986,385,GH,121.0,insurance
29987,386,CD,4711.0,household
29988,388,CD,6524.0,household
29989,389,KL,884.0,household
29990,389,WX,3280.0,other
29991,390,YZ,4977.0,household
29992,392,GH,1407.0,household
29993,392,WX,5663.0,other
29994,393,AB,302.0,household
29995,393,AB,5920.0,other
30001,395,YZ,3871.0,household
30002,395,GH,4036.0,other
30003,395,WX,828.0,leasing
30004,396,UV,5245.0,household
30005,396,GH,68.0,other
30006,396,OP,308.0,insurance
30007,396,YZ,261.0,other
30008,398,IJ,1702.0,household
30009,399,GH,3090.5,leasing
30010,399,IJ,6009.0,household
30011,400,WX,6948.0,household
30012,401,AB,3600.0,household
30013,401,EF,1769.0,other
30014,402,YZ,2083.0,household
30015,402,CD,2211.0,other
30016,403,KL,2401.0,household
30017,404,GH,1563.0,household
30018,404,WX,3450.0,other
30019,405,EF,1339.0,leasing
30020,405,MN,9632.0,household
30021,405,WX,1497.0,other
30022,405,KL,3579.0,insurance
30023,406,UV,1800.0,household
30024,406,KL,264.0,other
30025,407,WX,5411.0,household
30026,407,EF,14.0,other
30027,408,QR,5042.0,household
30028,409,QR,6810.0,household
30029,410,WX,3825.0,household
30030,411,QR,8499.0,household
30031,412,WX,8727.0,household
30032,413,CD,2107.0,household
30033,414,AB,7870.0,household
30034,415,OP,8740.0,household
30035,416,ST,982.0,household
30036,416,CD,987.0,household
30037,418,MN,9316.0,household
30038,420,KL,7192.0,household
30039,421,YZ,5571.0,household
30040,423,UV,1942.0,household
30041,424,WX,4591.0,household
30042,425,ST,2390.0,household
30043,425,OP,806.0,other
30044,425,GH,64.0,insurance
30045,426,MN,4201.2,loan_repayment
30046,426,AB,7497.0,household
30047,426,GH,886.0,other
30048,427,CD,8166.0,household
30049,428,MN,3987.0,household
30050,429,IJ,5286.0,household
30051,431,GH,6482.0,household
30052,431,KL,715.0,other
30053,434,WX,5666.0,household
30054,434,ST,1637.0,other
30055,435,MN,3189.0,household
30056,436,WX,4885.0,household
30057,436,IJ,72.0,other
30058,436,CD,293.0,insurance
30059,437,CD,2248.0,household
30060,437,YZ,3106.0,other
30061,440,QR,5825.0,household
30062,440,GH,1756.0,loan_repayment
30063,441,OP,4473.0,leasing
30064,441,YZ,3041.0,household
30065,441,WX,765.0,other
30066,442,EF,7455.0,loan_repayment
30067,442,CD,5606.0,household
30068,442,ST,2068.0,other
30069,443,KL,1508.0,household
30070,443,IJ,463.0,other
30071,443,QR,67.0,insurance
30072,444,QR,4469.0,household
30073,445,QR,3998.0,household
30074,445,IJ,7567.0,other
30075,446,EF,6941.0,household
30076,447,GH,5554.0,household
30077,447,ST,554.0,leasing
30080,449,AB,164.0,household
30081,449,WX,1789.0,household
30082,450,QR,2404.0,household
30083,451,UV,7208.0,loan_repayment
30084,452,OP,5058.0,household
30085,452,OP,375.0,other
30086,453,QR,7012.0,household
30087,454,GH,5687.0,household
30088,455,ST,8339.0,household
30089,456,WX,4783.1,leasing
30092,458,AB,9586.0,household
30093,458,CD,1031.0,leasing
30094,460,MN,3554.0,household
30095,461,OP,1530.0,household
30096,462,ST,8325.0,household
30097,463,QR,6385.0,household
30098,464,UV,3509.0,household
30099,465,ST,1278.5,leasing
30100,465,IJ,11126.0,household
30101,467,UV,3937.0,household
30102,467,AB,2895.0,other
30103,468,AB,3735.0,household
30104,468,YZ,499.0,other
30105,469,AB,2672.0,household
30106,470,AB,3568.0,household
30107,470,IJ,630.0,other
30108,470,OP,1078.0,insurance
30109,471,ST,4695.0,household
30110,471,CD,931.0,other
30111,471,CD,253.0,insurance
30112,471,KL,202.0,other
30113,472,UV,8200.2,loan_repayment
30114,473,GH,4237.0,household
30115,473,KL,2640.0,other
30116,473,QR,75.0,insurance
30117,473,YZ,333.0,other
30118,474,UV,694.0,household
30119,474,OP,1606.0,other
30120,475,UV,2760.0,household
30121,477,CD,2660.0,household
30122,477,GH,254.0,other
30123,477,IJ,463.0,insurance
30124,478,EF,8137.0,household
30125,479,YZ,2064.0,household
30126,480,KL,4687.0,household
30127,480,IJ,827.0,leasing
30128,481,GH,64.0,household
30129,481,IJ,1825.0,household
30134,483,GH,1940.0,household
30135,484,GH,1652.0,household
30136,484,MN,1995.0,other
30137,484,GH,108.0,insurance
30138,484,IJ,1412.0,other
30139,485,AB,2629.6,leasing
30140,485,EF,7421.0,household
30141,485,WX,1591.0,other
30142,485,AB,3572.0,insurance
30143,487,GH,10684.0,household
30144,489,ST,5608.0,household
30145,490,UV,2042.0,household
30146,491,EF,9090.0,household
30147,494,EF,2629.6,leasing
30148,494,GH,8728.0,household
30149,494,ST,207.0,other
30153,496,IJ,3602.0,household
30154,497,EF,3405.0,household
30157,500,WX,2629.6,leasing
30158,500,MN,3267.0,household
30159,500,AB,539.0,other
30160,501,KL,4382.7,loan_repayment
30161,502,ST,2498.0,household
30162,503,QR,7175.0,household
30163,503,GH,1746.0,leasing
30164,504,UV,2308.0,household
30165,505,QR,18.0,household
30166,505,OP,2203.0,other
30167,506,GH,3011.0,household
30168,506,QR,107.0,other
30169,506,IJ,278.0,insurance
30170,506,IJ,724.0,other
30171,508,YZ,2480.0,household
30172,509,IJ,6261.0,loan_repayment
30173,510,YZ,2442.0,household
30174,510,UV,1319.0,other
30175,510,GH,1043.0,insurance
30176,511,MN,2629.6,leasing
30177,512,GH,9449.0,household
30178,513,EF,7908.0,household
30179,514,KL,5760.0,household
30180,515,CD,2750.0,household
30181,516,CD,3736.0,household
30182,517,UV,9255.0,household
30183,518,GH,1338.0,household
30184,518,MN,2015.0,household
30185,519,AB,3245.0,household
30186,520,MN,2332.0,household
30187,521,IJ,4234.0,household
30188,522,WX,77.0,household
30189,522,GH,4930.0,other
30190,524,AB,5768.0,household
30191,525,MN,4382.7,loan_repayment
30192,525,ST,6454.0,household
30193,526,MN,5074.0,household
30195,528,IJ,2916.0,household
30196,529,MN,3344.0,household
30197,531,OP,2144.0,household
30198,533,EF,1319.0,household
30199,533,IJ,3427.0,other
30200,534,KL,1747.0,household
30201,534,KL,713.0,other
30202,534,OP,1341.0,insurance
30203,535,OP,7021.0,household
30204,535,UV,62.0,other
30205,535,MN,765.0,insurance
30206,536,AB,1742.0,household
30207,536,AB,827.0,household
30208,537,ST,1848.0,household
30209,538,OP,2692.0,household
30210,541,IJ,3030.0,household
30211,541,WX,72.0,other
30212,541,AB,5626.0,insurance
30213,542,WX,2750.0,household
30214,543,EF,647.0,household
30215,543,QR,1086.0,other
30216,543,CD,655.0,insurance
30217,544,EF,3798.2,loan_repayment
30218,545,YZ,3306.0,household
30219,546,YZ,2940.0,household
30220,547,EF,2273.0,household
30221,548,EF,1285.0,household
30222,548,AB,528.0,household
30223,549,OP,1067.0,household
30224,549,CD,3024.0,other
30225,550,GH,1247.0,household
30226,550,WX,349.0,household
30227,552,AB,2097.0,household
30228,555,ST,7218.0,household
30229,555,YZ,479.0,other
30230,555,WX,71.0,insurance
30231,557,MN,2050.0,household
30232,558,CD,4081.0,household
30233,558,WX,1476.0,other
30234,559,CD,2175.0,household
30235,560,QR,5683.0,household
30236,561,QR,343.0,household
30237,561,WX,1308.0,household
30238,563,QR,6245.0,household
30239,564,YZ,295.0,household
30240,564,IJ,8713.0,other
30241,565,KL,3509.0,household
30242,568,CD,1408.0,leasing
30243,569,YZ,2074.0,household
30244,570,YZ,6273.0,household
30245,571,EF,3255.0,household
30246,572,WX,5372.0,household
30247,572,EF,960.0,other
30248,572,QR,349.0,insurance
30249,572,WX,1413.0,leasing
30250,573,CD,2249.0,leasing
30251,575,KL,756.0,household
30252,575,GH,5329.0,other
30253,576,OP,3662.0,household
30254,577,QR,5120.0,household
30255,578,ST,5484.0,household
30256,578,KL,601.0,other
30257,578,KL,17.0,insurance
30258,578,CD,57.0,other
30259,579,OP,2771.0,household
30260,579,CD,1065.0,other
30261,580,KL,3571.0,household
30262,580,AB,1715.0,other
30263,581,KL,1502.0,household
30264,582,KL,2812.0,household
30266,584,MN,2302.0,household
30267,588,AB,3141.0,household
30268,588,MN,1437.0,other
30269,588,KL,511.0,insurance
30270,589,GH,5746.0,household
30271,591,WX,2788.0,household
30272,592,WX,1148.0,household
30273,592,MN,460.0,household
30274,594,CD,2054.0,household
30275,595,WX,4702.0,household
30276,597,EF,6135.0,household
30277,598,IJ,7781.0,household
30278,599,OP,3118.0,household
30279,599,MN,967.0,other
30280,600,UV,5952.0,household
30281,601,ST,2230.0,household
30282,602,EF,3191.0,household
30283,603,KL,4361.0,household
30284,605,CD,6876.0,household
30285,606,EF,7140.0,household
30286,606,GH,1071.0,other
30287,607,KL,2082.0,household
30288,608,AB,2895.0,household
30289,609,IJ,1171.0,household
30290,609,CD,732.0,other
30291,609,IJ,67.0,insurance
30292,611,AB,2284.0,household
30293,612,YZ,1936.0,household
30294,614,YZ,1664.0,household
30295,615,UV,309.0,household
30296,615,OP,1787.0,other
30297,616,OP,1869.0,household
30298,617,WX,2607.2,leasing
30299,617,MN,13080.0,household
30300,618,ST,747.0,household
30301,618,WX,3035.0,other
30302,619,YZ,1729.0,household
30303,619,AB,6538.0,other
30304,621,GH,366.0,household
30305,621,QR,3043.0,other
30306,622,MN,6255.0,household
30307,622,MN,594.0,other
30308,622,QR,2568.0,insurance
30309,622,GH,11.0,other
30310,623,ST,419.0,household
30311,623,IJ,1653.0,other
30312,625,CD,2607.2,leasing
30313,625,QR,11457.0,household
30314,626,WX,3639.0,household
30315,627,KL,8228.0,household
30316,627,KL,554.0,leasing
30317,628,YZ,3028.0,household
30318,629,QR,1207.0,household
30319,629,WX,1500.0,household
30320,630,IJ,2361.0,household
30321,631,GH,2394.0,household
30322,632,OP,842.0,household
30323,632,CD,199.0,other
30324,632,ST,1092.0,insurance
30325,633,KL,3177.0,household
30327,635,OP,1683.0,household
30328,635,GH,2707.0,other
30329,635,KL,2160.0,insurance
30330,635,UV,1547.0,other
30331,636,YZ,3056.0,household
30332,637,AB,1934.0,household
30333,638,QR,2487.0,household
30334,638,AB,4668.0,other
30335,638,GH,873.0,insurance
30336,639,ST,2046.0,household
30337,640,MN,2891.0,household
30338,641,WX,3330.0,household
30340,644,YZ,946.0,household
30341,644,YZ,1026.0,other
30342,645,GH,13466.0,household
30343,646,AB,4876.0,household
30344,647,UV,6465.0,household
30345,648,OP,9240.0,household
30346,649,AB,3430.1,leasing
30347,650,YZ,1697.0,household
30348,651,QR,2652.0,household
30349,651,CD,4062.0,other
30350,652,YZ,7591.0,household
30351,653,IJ,5397.0,household
30352,654,AB,2885.0,household
30353,655,CD,1899.0,household
30354,655,WX,2036.0,other
30355,655,KL,193.0,insurance
30356,655,IJ,341.0,other
30357,656,KL,5477.0,household
30358,657,AB,1066.0,household
30359,657,MN,1862.0,other
30360,658,ST,2703.0,household
30361,659,EF,1833.0,household
30362,659,CD,107.0,other
30363,660,EF,1234.0,household
30364,660,WX,5338.0,other
30367,662,UV,3330.0,household
30370,664,OP,2997.0,household
30371,665,ST,4149.0,household
30372,666,AB,3936.0,household
30373,666,ST,2282.0,other
30374,666,GH,955.0,insurance
30375,666,UV,1045.0,loan_repayment
30386,669,WX,1947.0,household
30390,673,KL,4586.0,household
30391,674,EF,2058.0,household
30392,675,MN,6358.0,household
30393,675,MN,1704.0,loan_repayment
30394,676,GH,3017.0,household
30395,678,YZ,1192.0,household
30396,678,WX,1929.0,other
30397,678,CD,1967.0,insurance
30398,679,OP,4049.0,household
30399,679,KL,450.0,other
30400,679,UV,281.0,insurance
30401,680,UV,4853.0,household
30404,682,QR,1477.0,household
30405,682,CD,537.0,other
30406,683,QR,8578.0,household
30407,684,QR,1936.0,household
30408,685,AB,3847.2,leasing
30409,686,ST,2212.0,household
30410,686,OP,2875.0,other
30411,686,AB,983.0,insurance
30412,687,UV,1444.0,household
30413,687,EF,3998.0,other
30414,688,GH,2509.0,household
30415,689,IJ,3847.2,leasing
30416,689,MN,4989.0,household
30417,689,QR,1388.0,other
30418,689,WX,17.0,insurance
30419,689,IJ,16.0,other
30420,690,ST,7152.0,household
30421,690,ST,1749.0,leasing
30422,691,YZ,3342.0,household
30423,692,QR,4366.0,household
30424,692,OP,137.0,other
30425,693,IJ,6329.0,household
30426,694,QR,3096.0,household
30427,695,CD,9516.0,household
30428,696,IJ,1299.0,household
30429,696,AB,280.0,household
30430,697,ST,6372.0,household
30431,698,EF,6177.0,household
30432,700,WX,1116.0,household
30433,700,YZ,1646.0,other
30434,702,EF,2813.0,household
30435,703,QR,2306.0,household
30436,704,IJ,2141.0,household
30437,704,UV,1197.0,other
30438,705,KL,4161.0,household
30441,710,KL,3200.0,household
30442,711,AB,3243.0,household
30443,712,UV,3847.2,leasing
30444,713,QR,3581.0,household
30445,714,UV,3782.0,household
30446,715,CD,2877.0,household
30447,715,IJ,1808.0,other
30448,715,MN,1378.0,insurance
30449,717,KL,6561.0,household
30450,718,KL,6412.0,loan_repayment
30451,718,KL,726.0,household
30452,718,QR,7122.0,other
30453,718,MN,6041.0,insurance
30454,719,UV,1991.0,household
30455,720,GH,3916.0,household
30456,721,UV,2194.0,household
30466,725,OP,2612.0,household
30467,726,YZ,3198.0,household
30468,728,YZ,1143.0,household
30469,728,WX,4119.0,other
30470,728,EF,1863.0,leasing
30471,729,AB,1872.0,household
30472,729,GH,114.0,other
30473,729,MN,67.0,insurance
30474,731,UV,2706.0,household
30475,732,GH,5129.0,household
30476,734,YZ,2228.0,household
30477,735,EF,1389.0,household
30478,735,IJ,2187.0,household
30479,736,GH,2119.0,household
30480,737,WX,2817.0,household
30481,738,EF,970.0,household
30482,738,OP,82.0,other
30483,738,YZ,3671.0,insurance
30484,739,CD,5504.0,household
30485,742,CD,2048.0,household
30486,743,EF,2691.0,household
30487,744,CD,2165.0,household
30488,745,IJ,1965.0,household
30489,746,YZ,3452.0,household
30490,747,YZ,2672.0,household
30491,748,OP,6492.0,household
30492,749,WX,4965.0,household
30493,749,WX,226.0,other
30494,749,QR,51.0,insurance
30495,749,UV,26.0,other
30496,750,YZ,6615.0,household
30497,751,GH,2363.0,household
30498,752,ST,139.0,household
30499,752,UV,5568.0,other
30500,753,AB,1602.0,household
30501,754,GH,1454.0,household
30502,754,GH,1629.0,household
30503,755,CD,3889.0,household
30504,755,UV,1443.0,other
30505,757,CD,810.0,household
30506,757,KL,2289.0,other
30507,759,UV,1952.0,household
30508,760,OP,3403.0,household
30509,760,OP,894.0,other
30510,760,AB,909.0,insurance
30511,762,GH,3895.0,household
30512,763,CD,7417.0,household
30513,764,EF,2360.0,household
30514,766,YZ,7032.0,household
30515,767,KL,3564.0,household
30516,767,QR,504.0,other
30517,767,GH,109.0,insurance
30518,767,KL,22.0,other
30519,768,KL,2814.0,household
30523,771,IJ,214.0,household
30524,771,CD,4816.0,other
30525,772,IJ,4225.0,household
30526,772,YZ,660.0,other
30527,772,WX,280.0,insurance
30530,775,EF,1168.0,household
30531,775,ST,2439.0,other
30532,776,YZ,2277.0,household
30533,776,MN,1036.0,other
30534,776,IJ,170.0,insurance
30535,777,GH,6412.0,loan_repayment
30536,780,UV,6220.0,household
30537,781,UV,2054.0,household
30538,782,IJ,3094.0,household
30539,782,UV,2472.0,other
30540,783,MN,3242.0,household
30541,784,IJ,1485.0,household
30542,784,KL,1215.0,other
30543,784,GH,109.0,insurance
30544,784,AB,701.0,other
30545,785,MN,4335.8,loan_repayment
30546,785,CD,7395.0,household
30547,786,MN,4953.0,household
30548,786,IJ,365.0,other
30549,787,GH,4395.0,household
30550,787,OP,122.0,other
30551,788,OP,3096.0,household
30552,789,OP,2153.0,household
30553,789,OP,1641.0,other
30554,789,AB,1522.0,loan_repayment
30555,790,MN,4335.8,loan_repayment
30556,791,CD,3054.0,household
30557,792,AB,485.0,household
30558,792,AB,1326.0,other
30559,792,MN,588.0,insurance
30560,793,CD,1212.0,household
30561,793,OP,204.0,other
30562,793,YZ,851.0,insurance
30563,794,EF,1107.0,household
30564,794,YZ,907.0,other
30565,795,CD,2976.0,household
30566,798,CD,2182.0,household
30567,800,ST,2203.0,household
30568,800,IJ,299.0,other
30569,801,ST,2565.0,household
30570,801,MN,767.0,other
30571,802,UV,1876.0,household
30572,804,KL,2342.0,household
30573,804,AB,682.0,other
30574,805,EF,1424.4,leasing
30575,806,QR,2298.0,household
30576,807,IJ,12579.0,household
30578,808,QR,4492.0,loan_repayment
30579,809,GH,8298.0,household
30580,810,UV,2076.0,household
30581,811,WX,5171.7,loan_repayment
30582,812,ST,9128.0,household
30583,813,IJ,2025.7,loan_repayment
30584,814,GH,1598.0,household
30585,814,KL,632.0,household
30586,815,MN,1949.0,household
30587,816,OP,2025.7,loan_repayment
30588,816,QR,4514.0,household
30589,817,GH,4605.0,household
30590,817,AB,8975.0,loan_repayment
30594,820,QR,210.0,household
30595,820,AB,5367.0,other
30596,821,QR,1436.0,household
30597,821,AB,651.0,other
30598,822,MN,1784.0,household
30599,823,CD,62.0,household
30600,823,WX,1515.0,other
30601,823,AB,612.0,insurance
30602,824,CD,5406.0,household
30603,825,YZ,9235.0,household
30604,825,YZ,4423.0,loan_repayment
30605,826,KL,4550.0,household
30606,826,YZ,866.0,other
30607,826,WX,169.0,insurance
30608,827,QR,2260.0,household
30609,828,KL,8852.0,household
30610,829,UV,2120.0,household
30611,831,QR,2291.0,household
30612,832,GH,2135.0,household
30613,833,GH,3462.0,household
30614,834,CD,2473.0,household
30617,836,AB,125.0,household
30618,836,MN,2934.0,other
30619,837,AB,9250.0,household
30620,839,GH,4254.0,household
30621,840,MN,4606.0,household
30622,841,IJ,2109.0,household
30623,842,IJ,3278.0,household
30624,843,EF,955.0,household
30625,843,WX,128.0,other
30626,843,WX,897.0,insurance
30627,844,ST,1640.0,household
30628,844,GH,12531.0,other
30629,845,IJ,9651.0,household
30630,846,WX,7795.5,loan_repayment
30631,848,OP,3400.0,household
30632,848,ST,1590.0,other
30633,848,UV,1025.0,insurance
30634,850,EF,14811.0,household
30635,851,KL,2090.0,leasing
30636,851,GH,3254.0,household
30637,851,IJ,881.0,other
30638,852,GH,69.0,household
30639,852,KL,2013.0,other
30640,853,AB,4673.0,household
30641,853,QR,1378.0,other
30642,854,AB,382.0,household
30643,854,KL,1105.0,other
30644,854,IJ,2843.0,insurance
30645,854,OP,1817.0,loan_repayment
30646,855,KL,6608.0,household
30647,856,UV,3625.0,household
30648,856,ST,571.0,other
30649,856,CD,137.0,insurance
30650,856,KL,1404.0,other
30651,857,AB,3019.0,household
30652,858,ST,5456.0,household
30653,859,ST,463.0,household
30654,859,MN,855.0,other
30655,859,AB,1657.0,insurance
30656,859,IJ,955.0,other
30657,860,AB,8071.0,household
30658,861,ST,9105.0,household
30659,861,IJ,478.0,other
30660,862,AB,3122.0,household
30661,863,UV,4433.3,leasing
30662,863,CD,6087.0,household
30663,864,MN,3699.0,household
30664,865,QR,409.0,household
30665,865,OP,1885.0,other
30666,866,YZ,465.0,household
30667,866,EF,38.0,other
30668,866,CD,504.0,insurance
30669,866,MN,3844.0,other
30670,867,EF,9718.0,household
30671,867,ST,2820.0,other
30672,867,IJ,405.0,insurance
30673,868,ST,3239.0,household
30674,868,ST,3119.0,other
30675,870,EF,4562.0,household
30676,871,OP,5168.0,household
30677,872,QR,2762.0,household
30678,873,CD,878.0,household
30679,873,QR,1540.0,other
30680,873,YZ,2211.0,insurance
30681,873,UV,2975.0,loan_repayment
30682,874,YZ,1642.3,leasing
30683,874,OP,1053.0,household
30684,874,ST,7025.0,other
30685,875,OP,3837.0,household
30686,876,OP,3796.0,household
30687,877,UV,2115.0,household
30688,877,CD,1513.0,other
30689,878,UV,3943.0,household
30690,879,MN,2094.0,household
30691,880,WX,1690.1,leasing
30692,880,OP,4840.0,household
30698,882,CD,3306.0,household
30699,883,GH,6195.0,household
30700,883,EF,1756.0,other
30701,883,QR,455.0,insurance
30702,884,AB,2259.0,household
30703,885,GH,872.0,household
30704,885,UV,2420.0,other
30705,886,AB,9034.0,household
30706,887,EF,3009.0,household
30707,888,AB,1592.0,household
30708,889,YZ,1292.0,household
30709,889,IJ,1965.0,household
30710,890,EF,3136.0,household
30711,891,MN,1784.0,household
30712,892,CD,406.0,household
30713,892,CD,2509.0,household
30714,894,QR,2914.0,household
30715,895,CD,523.0,household
30716,895,QR,1454.0,other
30717,896,QR,3220.0,household
30718,897,GH,2910.0,household
30719,897,AB,6676.0,other
30720,898,EF,2882.0,household
30721,898,UV,1582.0,other
30722,899,YZ,1626.6,leasing
30723,900,ST,5950.0,household
30724,901,UV,1910.0,household
30725,902,EF,260.0,household
30726,902,OP,1869.0,other
30727,902,QR,1726.0,insurance
30728,903,GH,2580.0,household
30729,905,EF,6086.0,household
30730,905,IJ,37.0,other
30731,905,KL,53.0,insurance
30732,906,AB,2240.0,household
30733,907,UV,2118.0,household
30734,909,ST,1950.0,household
30735,910,YZ,1937.0,household
30736,911,GH,9600.0,household
30737,911,WX,968.0,other
30738,912,WX,2332.0,household
30739,913,EF,2128.0,household
30740,913,QR,2357.0,other
30741,913,KL,4499.0,insurance
30742,914,UV,2298.0,household
30743,915,MN,6449.0,loan_repayment
30744,915,EF,14291.0,household
30745,916,MN,5299.0,household
30746,917,YZ,4669.0,household
30747,918,ST,10076.0,household
30748,918,UV,2039.0,other
30749,919,KL,4850.0,household
30750,920,MN,2437.0,household
30751,921,QR,1240.0,household
30752,921,YZ,536.0,household
30753,922,AB,898.0,household
30754,922,WX,255.0,other
30755,922,EF,1652.0,insurance
30756,923,YZ,2087.0,household
30757,924,MN,308.0,household
30758,924,MN,1904.0,other
30759,925,AB,5395.0,household
30760,925,EF,1068.0,leasing
30761,926,UV,1748.0,household
30762,927,AB,1623.0,household
30763,927,OP,5782.0,other
30764,928,EF,4561.0,household
30765,929,ST,5884.0,household
30766,930,IJ,9356.0,household
30767,931,QR,998.0,household
30768,931,OP,1151.0,other
30769,931,KL,461.0,insurance
30770,931,MN,864.0,other
30771,932,IJ,2793.0,household
30772,933,GH,2584.0,household
30773,934,MN,3236.0,household
30774,935,OP,2118.0,household
30775,936,ST,2780.0,household
30776,936,YZ,224.0,household
30777,937,IJ,1751.0,household
30778,938,AB,3282.0,household
30779,938,GH,371.0,loan_repayment
30780,939,QR,2108.0,household
30781,940,OP,4738.0,loan_repayment
30782,941,GH,3871.0,household
30783,943,AB,2144.0,household
30784,944,IJ,5361.0,household
30785,945,YZ,8215.0,household
30786,947,GH,1546.0,household
30787,947,EF,1143.0,other
30791,950,CD,8910.0,household
30792,951,KL,2371.0,household
30793,952,OP,4946.0,household
30794,953,OP,1768.0,household
30795,953,OP,185.0,other
30796,954,WX,357.0,household
30797,954,AB,1242.0,other
30798,954,OP,1906.0,insurance
30799,955,MN,7411.0,household
30800,957,CD,2126.0,household
30801,958,OP,3990.0,household
30802,959,OP,579.0,household
30803,959,QR,2180.0,household
30804,960,YZ,3151.0,loan_repayment
30805,960,CD,5940.0,household
30806,961,ST,8255.0,household
30807,963,QR,3799.0,household
30808,965,GH,2853.0,household
30809,966,GH,2129.0,household
30810,967,WX,6824.0,household
30811,968,YZ,7262.0,household
30812,970,OP,5260.0,household
30813,971,YZ,3860.0,household
30814,972,OP,897.0,household
30815,972,YZ,1141.0,other
30816,973,KL,2909.0,household
30817,975,CD,3550.0,household
30818,976,OP,5244.0,household
30819,977,ST,6846.0,household
30820,978,UV,2062.0,household
30821,979,KL,5354.0,household
30822,980,ST,3632.0,household
30823,980,EF,2889.0,other
30824,981,UV,1069.0,household
30825,981,MN,2769.0,other
30826,982,IJ,2505.0,household
30827,982,AB,188.0,other
30828,982,CD,148.0,insurance
30829,982,OP,192.0,other
30834,984,QR,5911.0,household
30835,985,MN,2227.0,household
30836,986,AB,2146.0,household
30837,987,GH,3528.0,household
30838,988,UV,2512.0,household
30839,989,CD,2262.0,household
30840,989,KL,1147.0,household
30841,990,YZ,7538.0,household
30842,991,MN,6748.0,household
30843,992,QR,3231.0,household
30844,992,KL,1071.0,other
30845,992,IJ,335.0,insurance
30846,992,QR,2450.0,other
30847,993,WX,1812.3,loan_repayment
30848,995,OP,2153.0,household
30849,995,GH,143.0,other
30850,996,KL,1934.0,household
30851,997,EF,1046.0,household
30852,997,AB,700.0,other
30853,997,CD,688.0,insurance
30854,997,CD,36.0,other
30855,998,MN,7641.0,household
30859,1000,YZ,3179.0,household
30860,1000,CD,1475.0,other
30861,1000,OP,2852.0,insurance
30864,1002,YZ,1293.0,household
30865,1002,EF,1092.0,other
30866,1002,YZ,470.0,insurance
30867,1003,IJ,5276.0,household
30868,1003,UV,185.0,other
30869,1004,KL,5237.0,loan_repayment
30870,1005,ST,3302.0,leasing
30871,1005,MN,7896.0,household
30872,1006,YZ,390.0,household
30873,1006,EF,2008.0,other
30874,1006,EF,60.0,insurance
30875,1006,KL,33.0,other
30876,1008,KL,2691.0,household
30877,1009,MN,7521.0,household
30880,1011,QR,3400.5,loan_repayment
30881,1011,WX,7085.0,household
30882,1012,EF,4090.8,loan_repayment
30883,1013,ST,2081.0,household
30884,1015,KL,3925.0,household
30885,1016,UV,2619.0,household
30886,1016,MN,2155.0,other
30887,1017,IJ,4492.0,household
30888,1017,GH,477.0,other
30889,1018,MN,1614.0,household
30890,1018,GH,1028.0,other
30891,1019,WX,8127.0,household
30892,1019,IJ,608.0,other
30893,1019,ST,629.0,insurance
30894,1020,MN,1874.0,household
30895,1020,ST,105.0,other
30896,1020,UV,10.0,insurance
30897,1021,AB,2259.0,household
30898,1024,IJ,2074.0,household
30905,1026,IJ,8099.0,household
30906,1026,WX,335.0,other
30907,1027,ST,2117.0,household
30908,1029,UV,8136.0,household
30909,1029,WX,342.0,other
30910,1030,IJ,664.0,household
30911,1030,WX,1050.0,household
30912,1031,YZ,6817.0,household
30913,1031,MN,747.0,other
30914,1031,OP,51.0,insurance
30915,1031,AB,551.0,leasing
30916,1034,EF,4219.0,household
30917,1035,CD,2194.0,household
30918,1035,YZ,4942.0,other
30919,1036,OP,4095.0,household
30920,1037,ST,1062.0,household
30921,1037,UV,940.0,other
30922,1037,EF,1157.0,insurance
30923,1037,CD,62.0,other
30924,1038,OP,2006.0,household
30925,1038,GH,141.0,other
30926,1040,YZ,2342.0,leasing
30927,1040,GH,7008.0,household
30930,1043,MN,6433.0,household
30931,1044,MN,2880.0,household
30932,1044,GH,188.0,other
30933,1045,GH,1730.0,household
30934,1046,OP,7399.0,household
30935,1047,KL,4339.0,household
30936,1048,MN,3852.0,household
30937,1049,EF,1545.0,household
30938,1049,EF,954.0,other
30939,1050,OP,5673.0,household
30940,1053,YZ,1043.0,household
30941,1053,YZ,2439.0,other
30942,1054,IJ,4736.0,household
30943,1055,CD,2047.0,household
30944,1056,IJ,2531.7,leasing
30945,1056,EF,5692.0,household
30946,1057,QR,3090.0,household
30947,1058,WX,4761.0,household
30948,1058,WX,408.0,other
30949,1059,CD,232.0,household
30950,1059,ST,1914.0,other
30951,1061,YZ,3790.0,household
30952,1062,AB,7844.0,household
30953,1064,QR,2918.0,household
30954,1067,AB,7811.0,household
30955,1068,ST,4219.5,loan_repayment
30956,1068,AB,4737.0,household
30957,1068,YZ,3273.0,other
30958,1068,CD,632.0,insurance
30959,1069,YZ,3080.0,household
30960,1070,MN,5116.0,household
30961,1071,GH,4219.5,loan_repayment
30962,1072,OP,3520.0,household
30963,1073,OP,3843.0,household
30964,1074,IJ,1416.0,leasing
30965,1075,WX,3868.0,household
30966,1075,UV,208.0,other
30967,1076,KL,2640.0,household
30968,1076,YZ,4447.0,other
30969,1078,YZ,3423.0,household
30970,1079,MN,10392.0,household
30971,1080,WX,6185.0,household
30972,1081,QR,2484.0,household
30973,1082,WX,2189.0,household
30974,1083,KL,1930.0,household
30975,1083,KL,835.0,other
30976,1083,YZ,4351.0,insurance
30977,1083,EF,1416.0,loan_repayment
30980,1085,MN,8537.0,household
30981,1086,UV,1376.0,household
30982,1086,MN,474.0,other
30983,1086,EF,86.0,insurance
30984,1088,WX,3032.0,household
30985,1089,OP,756.0,household
30986,1089,QR,2962.0,other
30987,1090,ST,3317.0,household
30988,1092,ST,5664.0,household
30989,1093,ST,8022.8,loan_repayment
30990,1093,EF,10261.0,household
30991,1094,UV,1408.0,household
30992,1094,KL,747.0,household
30993,1095,MN,1119.0,household
30994,1095,KL,3773.0,other
30995,1095,AB,896.0,insurance
30996,1095,EF,1787.0,other
30997,1096,MN,3488.0,household
30998,1097,OP,7636.0,household
30999,1097,OP,870.0,other
31000,1097,CD,577.0,insurance
31001,1097,UV,42.0,other
31002,1098,AB,619.0,household
31003,1098,GH,1007.0,household
31009,1100,OP,174.0,household
31010,1100,UV,882.0,other
31011,1100,YZ,1103.0,insurance
31012,1101,ST,7553.0,household
31013,1102,CD,3559.0,household
31014,1104,EF,8840.0,household
31015,1105,EF,1839.0,household
31016,1105,WX,4015.0,other
31017,1106,WX,8022.8,loan_repayment
31018,1107,ST,1746.0,household
31019,1108,ST,31.0,household
31020,1108,OP,2335.0,household
31021,1110,CD,5427.0,household
31022,1111,UV,3962.0,household
31023,1113,CD,3837.0,household
31024,1113,YZ,1809.0,other
31025,1114,EF,3350.0,household
31026,1115,OP,2293.0,household
31027,1116,ST,8086.0,household
31028,1117,UV,1640.0,household
31029,1117,YZ,1075.0,household
31030,1118,UV,3637.0,household
31031,1118,GH,1388.0,other
31034,1120,GH,1508.0,household
31035,1120,KL,1195.0,household
31036,1123,YZ,2444.0,household
31037,1123,WX,6668.0,other
31038,1124,WX,4813.7,leasing
31039,1124,YZ,1030.0,household
31040,1124,GH,2739.0,other
31041,1125,YZ,7895.0,loan_repayment
31042,1125,ST,11827.0,household
31043,1125,UV,238.0,other
31044,1125,YZ,1.0,insurance
31045,1126,WX,2791.0,household
31046,1127,WX,6260.0,household
31047,1128,QR,2070.0,household
31048,1129,OP,4604.0,household
31049,1129,EF,2085.0,other
31050,1130,QR,2241.0,household
31053,1133,WX,2103.0,household
31054,1133,ST,895.0,household
31055,1134,OP,1973.0,household
31056,1134,ST,6007.0,other
31057,1135,YZ,1735.0,household
31058,1136,IJ,3081.8,leasing
31059,1136,YZ,6249.0,household
31060,1136,YZ,2884.0,other
31061,1137,GH,2121.0,household
31062,1139,MN,3081.8,leasing
31063,1139,CD,1191.0,household
31064,1139,UV,3110.0,other
31065,1139,UV,2386.0,insurance
31066,1139,OP,479.0,other
31067,1140,YZ,2790.0,household
31068,1141,OP,1028.0,household
31069,1141,QR,907.0,other
31070,1141,IJ,248.0,insurance
31071,1142,KL,2077.0,household
31075,1144,GH,2250.0,household
31076,1145,IJ,478.0,household
31077,1145,KL,1469.0,other
31078,1146,OP,3437.0,household
31079,1146,QR,1384.0,other
31081,1151,WX,3263.0,household
31082,1152,GH,2186.0,household
31083,1153,QR,4918.0,household
31084,1153,MN,1033.0,other
31085,1154,IJ,3475.0,household
31086,1155,QR,2260.0,household
31087,1158,CD,2171.0,household
31088,1159,KL,6470.0,household
31089,1160,YZ,3487.0,household
31090,1160,CD,171.0,other
31091,1161,ST,3947.0,household
31096,1165,CD,8270.0,household
31097,1166,CD,3105.2,loan_repayment
31098,1166,EF,4397.0,household
31102,1168,WX,2432.0,household
31103,1168,GH,1838.0,other
31104,1168,MN,48.0,insurance
31105,1168,WX,40.0,other
31106,1169,EF,7748.0,household
31107,1169,WX,591.0,other
31108,1170,YZ,2279.3,leasing
31109,1170,EF,13057.0,household
31110,1171,AB,7893.0,household
31111,1173,YZ,950.0,household
31112,1173,AB,1352.0,other
31113,1174,GH,720.0,household
31114,1174,IJ,829.0,other
31115,1174,IJ,3182.0,insurance
31119,1176,YZ,2267.0,household
31120,1177,YZ,541.0,household
31121,1177,IJ,3499.0,other
31122,1177,OP,6306.0,loan_repayment
31123,1178,GH,5639.0,household
31124,1179,UV,2808.0,household
31125,1181,OP,3418.0,household
31126,1181,WX,329.0,other
31127,1181,YZ,123.0,insurance
31128,1182,UV,1662.7,leasing
31129,1183,YZ,1882.0,household
31130,1183,QR,1046.0,other
31131,1185,KL,2581.0,household
31132,1185,ST,249.0,household
31133,1187,WX,2288.0,household
31134,1188,KL,4421.0,household
31135,1189,GH,1944.0,household
31136,1189,GH,344.0,other
31137,1190,KL,8249.0,household
31142,1193,KL,7334.0,household
31143,1194,WX,3171.0,household
31144,1195,IJ,1890.0,household
31145,1195,IJ,453.0,household
31146,1196,GH,12445.0,household
31147,1197,ST,2582.0,household
31148,1199,IJ,1948.0,household
31149,1199,UV,762.0,other
31150,1200,KL,3743.0,household
31151,1200,EF,525.0,other
31152,1200,EF,3156.0,insurance
31153,1201,CD,5873.0,household
31154,1201,OP,1836.0,other
31159,1203,EF,465.0,household
31160,1203,UV,3232.0,other
31161,1203,AB,118.0,insurance
31162,1203,EF,346.0,other
31163,1204,WX,2154.0,household
31164,1204,MN,4992.0,other
31165,1205,YZ,2989.0,household
31166,1206,KL,3279.0,household
31167,1207,ST,9252.0,household
31168,1207,YZ,1110.0,leasing
31169,1208,ST,4426.0,household
31170,1208,IJ,2126.0,other
31171,1209,AB,3568.0,household
31172,1211,QR,3073.0,household
31173,1211,KL,890.0,other
31174,1211,OP,372.0,insurance
31175,1212,CD,2805.0,household
31176,1213,AB,2984.0,household
31177,1214,EF,4469.0,household
31178,1215,QR,2508.0,household
31179,1216,OP,2349.0,household
31180,1217,AB,151.0,household
31181,1217,YZ,1956.0,other
31182,1218,IJ,3213.4,leasing
31183,1219,IJ,3986.0,household
31184,1220,CD,2770.0,household
31185,1221,QR,3213.4,leasing
31186,1222,WX,1727.0,household
31187,1223,WX,1398.0,household
31188,1223,CD,4963.0,other
31194,1226,CD,3826.0,household
31195,1227,YZ,5511.0,household
31196,1227,GH,101.0,other
31197,1227,MN,980.0,insurance
31198,1227,YZ,2344.0,other
31199,1228,AB,1980.0,household
31200,1229,UV,5505.0,household
31201,1230,IJ,3213.4,leasing
31202,1231,GH,3485.0,household
31203,1231,IJ,665.0,leasing
31204,1233,GH,2260.0,household
31205,1234,WX,2236.0,household
31206,1235,QR,1843.0,household
31207,1235,GH,1049.0,household
31208,1238,IJ,2256.0,household
31209,1239,KL,3744.0,household
31210,1240,MN,4353.0,household
31211,1241,EF,1368.0,household
31212,1241,IJ,2201.0,other
31213,1241,WX,227.0,insurance
31214,1242,CD,5355.7,loan_repayment
31215,1242,GH,4910.0,household
31216,1242,AB,3674.0,other
31217,1242,OP,422.0,insurance
31218,1242,UV,38.0,other
31219,1244,EF,903.0,household
31220,1244,IJ,2122.0,other
31221,1244,WX,406.0,insurance
31222,1244,QR,54.0,other
31223,1244,AB,748.0,loan_repayment
31224,1245,IJ,3611.0,household
31225,1246,AB,3239.0,household
31226,1247,YZ,2077.0,loan_repayment
31227,1248,AB,3176.0,household
31228,1249,ST,704.0,household
31229,1249,GH,392.0,other
31230,1249,QR,1361.0,insurance
31231,1250,GH,3805.2,loan_repayment
31232,1250,YZ,61.0,household
31233,1250,IJ,10069.0,other
31234,1251,UV,7870.0,household
31235,1252,UV,4114.7,loan_repayment
31236,1253,OP,3865.0,household
31237,1253,WX,5330.0,other
31238,1255,GH,4598.0,loan_repayment
31239,1256,AB,1178.0,household
31240,1256,ST,5450.0,other
31241,1256,IJ,1974.0,loan_repayment
31242,1257,CD,4387.0,household
31243,1258,AB,759.0,household
31244,1258,OP,1174.0,other
31245,1259,IJ,724.0,household
31246,1259,MN,2108.0,other
31247,1259,EF,464.0,insurance
31248,1259,WX,1429.0,loan_repayment
31249,1260,QR,6594.0,household
31250,1261,CD,9222.0,household
31251,1262,EF,2821.0,household
31252,1264,YZ,6605.0,household
31253,1265,QR,1870.0,household
31254,1266,MN,9291.0,household
31255,1267,GH,2271.0,household
31256,1267,YZ,867.0,other
31257,1267,OP,21.0,insurance
31258,1267,QR,1672.0,other
31259,1268,ST,2220.0,household
31260,1269,CD,6840.0,household
31261,1269,EF,599.0,other
31262,1270,AB,2077.3,loan_repayment
31263,1270,WX,4162.0,household
31264,1271,EF,4128.0,household
31265,1272,IJ,1246.4,leasing
31266,1273,IJ,3863.0,household
31267,1275,IJ,1903.0,household
31268,1276,OP,3839.0,household
31269,1276,YZ,508.0,other
31270,1276,AB,169.0,insurance
31271,1277,OP,3175.0,household
31276,1279,QR,3587.0,household
31277,1280,EF,2491.0,household
31282,1284,AB,4375.5,loan_repayment
31283,1285,YZ,7213.0,household
31284,1286,IJ,8500.0,household
31285,1287,EF,2623.0,household
31286,1287,UV,6619.0,other
31287,1287,CD,525.0,insurance
31288,1288,IJ,2948.0,household
31289,1289,OP,6950.0,household
31291,1291,OP,1333.0,household
31292,1291,IJ,335.0,household
31293,1292,MN,1653.0,household
31294,1292,UV,1457.0,other
31295,1292,KL,221.0,insurance
31296,1293,MN,3484.0,household
31297,1294,ST,1404.0,household
31298,1294,UV,2177.0,other
31299,1295,UV,3282.0,household
31300,1296,GH,1607.0,household
31301,1297,IJ,2878.0,household
31302,1297,UV,3311.0,other
31303,1298,MN,5822.0,household
31304,1299,CD,317.0,household
31305,1299,GH,2291.0,other
31308,1302,UV,3924.0,household
31309,1303,IJ,3601.0,household
31310,1304,CD,2368.9,leasing
31311,1306,YZ,5023.0,household
31312,1306,IJ,942.0,other
31313,1306,EF,1888.0,insurance
31314,1307,OP,3297.0,household
31315,1308,CD,3206.0,household
31316,1309,AB,2600.0,leasing
31317,1309,YZ,10199.0,household
31318,1311,UV,9327.0,household
31319,1312,ST,1690.0,household
31320,1314,IJ,6889.0,household
31321,1315,YZ,2813.0,household
31322,1315,QR,299.0,other
31323,1315,MN,3160.0,insurance
31324,1316,KL,1130.0,household
31325,1316,WX,619.0,other
31326,1316,EF,233.0,insurance
31327,1317,YZ,3493.0,household
31328,1318,ST,5154.0,loan_repayment
31329,1318,AB,8677.0,household
31330,1318,AB,1762.0,other
31331,1318,MN,2015.0,insurance
31332,1318,AB,744.0,other
31333,1319,IJ,6185.0,household
31334,1319,YZ,884.0,other
31335,1319,EF,1362.0,insurance
31336,1320,EF,4377.0,household
31337,1320,MN,907.0,other
31338,1320,ST,149.0,insurance
31339,1320,KL,80.0,other
31340,1321,EF,2683.0,household
31341,1321,CD,636.0,leasing
31342,1322,ST,1485.0,household
31343,1322,OP,1431.0,household
31344,1323,OP,9720.0,household
31345,1324,ST,2741.0,household
31346,1324,GH,680.0,other
31347,1325,QR,362.0,household
31348,1325,UV,1766.0,other
31349,1326,YZ,96.0,household
31350,1326,QR,786.0,other
31351,1326,ST,1207.0,insurance
31352,1326,QR,954.0,other
31353,1328,AB,3249.8,leasing
31354,1329,UV,1960.2,loan_repayment
31355,1329,QR,3368.0,household
31356,1329,AB,5081.0,other
31358,1331,YZ,1096.0,household
31359,1331,EF,3320.0,other
31360,1332,MN,4755.0,household
31361,1333,MN,6508.0,household
31362,1335,QR,5367.0,household
31363,1335,MN,1044.0,other
31364,1336,CD,9426.0,household
31365,1337,WX,3264.0,household
31366,1338,CD,4545.0,household
31367,1338,OP,897.0,other
31368,1338,IJ,157.0,insurance
31369,1340,KL,818.0,household
31370,1340,CD,472.0,other
31371,1340,GH,1120.0,insurance
31372,1341,MN,2098.0,household
31373,1342,YZ,1079.0,leasing
31374,1342,EF,2517.0,household
31375,1342,ST,1011.0,other
31376,1342,YZ,3665.0,insurance
31380,1345,ST,3294.0,household
31381,1345,AB,848.0,other
31382,1346,WX,1592.0,household
31383,1346,AB,475.0,other
31384,1347,ST,2066.0,household
31385,1348,CD,5025.0,household
31386,1348,ST,17.0,other
31387,1348,UV,492.0,insurance
31388,1349,QR,2292.0,household
31389,1349,OP,1521.0,household
31390,1350,OP,1079.0,leasing
31391,1350,MN,6875.0,household
31392,1350,QR,3493.0,other
31393,1351,QR,2227.0,household
31394,1352,GH,2976.0,household
31395,1352,WX,3445.0,other
31396,1352,EF,370.0,insurance
31397,1352,EF,213.0,other
31398,1353,QR,651.0,household
31399,1353,QR,6646.0,other
31400,1354,QR,3080.0,household
31401,1355,WX,3606.0,household
31402,1357,EF,2290.0,household
31403,1358,GH,2980.0,household
31404,1361,AB,6195.0,household
31405,1363,QR,5046.0,household
31406,1363,KL,1517.0,other
31407,1363,MN,82.0,insurance
31408,1363,OP,243.0,other
31411,1365,OP,2314.0,household
31412,1366,GH,4773.0,household
31413,1366,ST,310.0,other
31414,1366,UV,1.0,insurance
31415,1367,MN,3872.0,household
31416,1367,ST,193.0,other
31417,1367,QR,717.0,insurance
31418,1367,UV,431.0,other
31419,1368,CD,4439.0,household
31420,1369,AB,6005.0,household
31421,1369,KL,1738.0,other
31422,1370,WX,1852.0,household
31423,1371,QR,3074.0,household
31424,1373,MN,1628.0,household
31425,1373,CD,346.0,other
31426,1374,WX,8107.3,loan_repayment
31427,1375,CD,5930.0,household
31428,1375,MN,1889.0,loan_repayment
31429,1376,QR,2731.0,household
31430,1377,QR,2272.0,household
31431,1378,QR,2953.0,household
31432,1378,EF,1347.0,other
31433,1378,OP,693.0,insurance
31434,1378,AB,881.0,other
31435,1379,AB,6953.0,household
31436,1380,KL,8829.0,household
31437,1380,CD,1100.0,other
31438,1380,QR,1200.0,leasing
31439,1381,ST,2705.0,household
31440,1382,IJ,2059.0,household
31441,1383,GH,2173.0,household
31442,1385,QR,9834.0,household
31447,1389,IJ,5227.7,loan_repayment
31448,1389,WX,6376.0,household
31449,1390,AB,1011.0,household
31450,1390,EF,6147.0,other
31451,1391,QR,3053.0,household
31452,1392,EF,3081.0,household
31453,1392,ST,4216.0,other
31454,1393,IJ,5254.0,household
31455,1394,YZ,1454.0,household
31456,1394,ST,646.0,household
31457,1395,ST,3432.0,household
31458,1396,AB,14707.0,household
31459,1397,MN,8319.0,household
31460,1399,IJ,5427.0,household
31461,1399,WX,13.0,other
31462,1399,YZ,29.0,insurance
31463,1399,KL,345.0,other
31468,1401,IJ,2463.0,household
31469,1402,ST,2073.0,household
31470,1402,IJ,2221.0,other
31471,1402,IJ,471.0,insurance
31472,1402,EF,374.0,other
31473,1403,ST,9120.0,household
31474,1404,IJ,2121.0,leasing
31475,1404,UV,6306.0,household
31476,1404,CD,123.0,other
31477,1404,WX,53.0,insurance
31478,1404,IJ,483.0,other
31479,1405,GH,2229.0,household
31480,1405,ST,158.0,other
31481,1406,EF,2302.0,household
31482,1406,CD,458.0,household
31483,1407,UV,5227.7,loan_repayment
31484,1407,ST,14882.0,household
31487,1410,KL,3816.0,household
31488,1411,CD,5174.0,household
31489,1412,OP,936.0,household
31490,1412,MN,1773.0,other
31491,1412,ST,1110.0,insurance
31492,1413,GH,2016.0,household
31493,1413,AB,3477.0,other
31494,1413,ST,620.0,insurance
31495,1414,AB,1920.0,household
31496,1414,MN,5397.0,other
31497,1414,YZ,1817.0,insurance
31500,1416,GH,3688.0,leasing
31501,1417,QR,7394.0,household
31502,1418,OP,6759.0,household
31503,1419,QR,3305.0,household
31504,1420,QR,1794.0,household
31505,1422,UV,2655.0,household
31506,1423,WX,2394.0,household
31507,1423,IJ,1213.0,other
31508,1424,YZ,6224.0,household
31509,1425,MN,4069.0,household
31510,1426,GH,2681.0,household
31511,1427,AB,6046.0,household
31513,1429,EF,2166.0,household
31514,1430,CD,4127.0,loan_repayment
31515,1432,CD,3267.2,leasing
31516,1432,IJ,13590.0,household
31518,1434,QR,3214.0,household
31519,1435,WX,7949.0,household
31520,1436,QR,3104.0,household
31521,1437,ST,1753.0,household
31522,1437,OP,314.0,other
31523,1437,AB,65.0,insurance
31524,1437,GH,29.0,other
31525,1439,MN,2122.0,household
31526,1440,ST,56.0,household
31527,1440,IJ,2020.0,other
31528,1440,IJ,56.0,insurance
31529,1441,IJ,2425.0,household
31530,1442,QR,5950.0,household
31531,1443,UV,7505.0,household
31532,1444,YZ,2024.0,household
31533,1445,YZ,1361.0,household
31534,1445,AB,668.0,other
31535,1445,EF,1075.0,insurance
31536,1445,IJ,1420.0,other
31537,1446,GH,4877.0,household
31538,1447,YZ,2084.7,loan_repayment
31539,1447,OP,8210.0,household
31540,1448,CD,7156.0,loan_repayment
31541,1449,KL,2820.0,household
31542,1449,UV,320.0,other
31543,1450,UV,3103.0,household
31544,1451,UV,3734.0,household
31545,1453,OP,1250.8,leasing
31546,1453,ST,6820.0,household
31547,1456,CD,1250.8,leasing
31553,1458,ST,3259.0,household
31554,1459,EF,1542.0,household
31555,1459,OP,582.0,other
31556,1460,UV,3417.0,household
31557,1461,MN,4217.1,leasing
31558,1461,EF,8705.0,household
31560,1463,QR,719.0,household
31561,1463,YZ,1505.0,other
31562,1465,WX,1904.0,household
31563,1465,CD,218.0,other
31564,1466,ST,10056.0,household
31565,1467,QR,6814.0,household
31566,1468,AB,439.0,household
31567,1468,IJ,1710.0,other
31568,1469,EF,3574.0,household
31569,1470,AB,4060.0,household
31570,1471,CD,7823.0,household
31571,1471,YZ,12.0,other
31572,1471,MN,176.0,insurance
31573,1472,MN,3527.0,household
31574,1472,OP,2375.0,other
31575,1473,QR,1984.0,household
31576,1474,IJ,2695.0,household
31577,1476,YZ,3467.0,household
31578,1477,OP,2100.0,household
31579,1478,KL,11931.0,household
31580,1479,QR,2162.0,household
31581,1480,WX,3425.2,loan_repayment
31582,1481,EF,2065.0,household
31583,1482,KL,2687.0,household
31584,1482,KL,1766.0,other
31585,1482,GH,335.0,insurance
31586,1483,YZ,1962.0,household
31587,1483,AB,2701.0,other
31588,1484,GH,2346.0,household
31589,1484,IJ,794.0,household
31590,1485,MN,336.0,household
31591,1485,EF,5949.0,other
31592,1485,OP,1018.0,leasing
31593,1486,KL,3592.0,household
31594,1486,KL,2291.0,other
31595,1486,MN,2235.0,insurance
31596,1487,KL,2204.0,household
31597,1488,WX,5850.0,household
31598,1488,CD,230.0,other
31601,1490,CD,1657.7,leasing
31602,1491,OP,6966.0,household
31603,1492,KL,1546.0,household
31604,1493,EF,2264.0,household
31605,1493,GH,51.0,household
31606,1495,IJ,3059.0,household
31607,1495,MN,670.0,other
31608,1496,AB,6931.0,household
31609,1496,GH,161.0,other
31610,1496,AB,33.0,insurance
31611,1497,WX,261.0,household
31612,1497,YZ,5463.0,other
31613,1498,ST,2762.8,loan_repayment
31614,1499,EF,3666.0,household
31615,1500,GH,4119.0,household
31616,1501,OP,2292.0,household
31617,1502,IJ,7338.0,household
31618,1503,OP,3171.0,household
31619,1504,UV,619.0,household
31620,1504,WX,4887.0,other
31621,1506,UV,9498.0,loan_repayment
31622,1507,ST,6619.0,household
31623,1508,OP,1657.7,leasing
31624,1508,UV,8967.0,household
31625,1509,EF,4943.0,household
31626,1509,QR,2320.0,other
31627,1510,OP,9985.0,household
31628,1511,OP,1657.7,leasing
31629,1512,YZ,8822.0,household
31630,1513,AB,1632.0,household
31631,1513,QR,3912.0,other
31632,1513,OP,1316.0,insurance
31633,1513,GH,689.0,other
31634,1514,ST,1547.0,household
31635,1514,WX,2234.0,household
31636,1515,IJ,1538.0,household
31637,1515,CD,774.0,other
31638,1515,QR,2907.0,insurance
31639,1516,YZ,2277.0,household
31640,1517,ST,2601.0,household
31641,1519,UV,3443.0,household
31642,1520,YZ,2943.0,household
31643,1521,GH,3024.0,household
31644,1523,CD,1684.0,household
31645,1523,IJ,9843.0,other
31646,1524,WX,2705.0,household
31647,1525,QR,1625.0,household
31648,1526,QR,4433.0,household
31649,1527,EF,4557.2,loan_repayment
31651,1528,QR,3981.0,loan_repayment
31652,1529,MN,1059.0,household
31653,1529,YZ,1463.0,other
31654,1529,QR,77.0,insurance
31655,1530,WX,3700.0,household
31658,1532,AB,7903.0,household
31661,1534,EF,7451.0,household
31662,1534,ST,2155.0,other
31663,1535,UV,2757.0,household
31664,1536,ST,13204.0,household
31665,1538,IJ,10288.0,household
31668,1540,IJ,4540.0,household
31669,1540,UV,3057.0,other
31670,1540,UV,1164.0,leasing
31671,1542,CD,2655.0,household
31672,1544,IJ,9526.0,household
31673,1544,ST,189.0,other
31674,1545,KL,2625.0,household
31675,1545,MN,1112.0,other
31676,1546,UV,4173.0,household
31677,1548,MN,2106.0,household
31678,1549,OP,4052.0,household
31679,1550,ST,4708.0,household
31680,1551,AB,747.0,household
31681,1551,CD,2316.0,household
31682,1552,MN,5263.0,household
31683,1552,WX,1021.0,leasing
31684,1554,OP,6551.0,household
31685,1555,QR,3263.0,household
31686,1556,QR,1837.0,household
31687,1557,EF,2253.0,household
31688,1558,IJ,1148.0,household
31689,1558,ST,2899.0,other
31690,1558,UV,1384.0,leasing
31691,1559,KL,8004.0,household
31692,1560,YZ,3332.0,household
31693,1560,CD,244.0,other
31694,1560,UV,437.0,insurance
31695,1560,OP,1137.0,leasing
31696,1561,CD,1924.0,household
31697,1561,WX,51.0,household
31698,1562,EF,1933.0,household
31699,1565,AB,610.0,household
31700,1565,AB,2095.0,other
31701,1565,OP,383.0,insurance
31702,1566,WX,4375.0,household
31703,1566,WX,1164.0,other
31704,1566,YZ,1622.0,insurance
31705,1566,OP,948.0,other
31706,1567,UV,480.0,household
31707,1567,CD,6000.0,other
31708,1567,EF,3455.0,insurance
31709,1568,WX,4399.0,household
31710,1568,WX,49.0,other
31711,1568,YZ,1028.0,insurance
31712,1568,UV,1627.0,leasing
31717,1570,UV,2865.0,household
31718,1571,AB,7692.0,household
31719,1572,EF,7596.0,household
31720,1573,IJ,3638.0,household
31721,1574,GH,2390.0,household
31722,1575,CD,2998.0,household
31723,1576,WX,11816.0,household
31724,1577,KL,1282.0,household
31725,1577,KL,988.0,other
31726,1577,QR,290.0,insurance
31727,1578,UV,1825.0,household
31728,1579,CD,3377.0,household
31729,1580,UV,8094.2,loan_repayment
31730,1581,AB,5758.0,household
31731,1582,CD,1917.0,household
31732,1583,QR,8094.2,loan_repayment
31733,1584,ST,1983.0,household
31734,1586,EF,5504.0,household
31735,1588,KL,2443.0,household
31736,1590,ST,5847.0,household
31737,1590,WX,1025.0,other
31738,1590,ST,551.0,insurance
31739,1590,GH,127.0,other
31740,1591,AB,7680.0,household
31741,1591,AB,26.0,other
31742,1591,AB,153.0,insurance
31743,1592,QR,224.0,household
31744,1592,GH,1613.0,household
31745,1593,MN,2086.0,household
31746,1594,WX,4577.0,household
31747,1594,AB,1596.0,other
31748,1594,CD,54.0,insurance
31752,1596,KL,1306.0,household
31753,1596,OP,1997.0,household
31754,1597,GH,2376.0,household
31755,1598,CD,5438.0,household
31756,1598,WX,7384.0,other
31757,1599,OP,1337.0,household
31758,1599,WX,4004.0,other
31759,1600,YZ,3234.0,household
31760,1601,AB,2694.0,household
31761,1602,GH,2033.0,household
31762,1603,WX,2359.0,household
31763,1603,MN,1187.0,other
31764,1603,CD,6578.0,loan_repayment
31765,1604,CD,7088.0,household
31766,1605,EF,3353.0,household
31767,1607,GH,9958.0,household
31768,1608,AB,3425.0,household
31769,1609,KL,2017.0,household
31770,1610,UV,6258.0,household
31771,1611,UV,403.0,household
31772,1611,IJ,3403.0,other
31773,1613,GH,3628.0,household
31774,1614,CD,5763.0,household
31775,1615,QR,3124.0,household
31776,1616,AB,2642.0,household
31777,1617,AB,1536.0,household
31778,1618,EF,2265.0,household
31779,1619,ST,3220.0,household
31780,1620,ST,1931.0,household
31781,1621,UV,7887.0,household
31782,1622,KL,2357.0,household
31783,1622,IJ,1028.0,other
31784,1623,UV,9160.0,household
31785,1624,CD,1017.0,household
31786,1624,GH,1120.0,household
31787,1625,GH,185.0,household
31788,1625,GH,1727.0,other
31789,1625,CD,679.0,insurance
31790,1625,EF,1522.0,other
31791,1628,AB,2850.0,household
31792,1629,WX,3137.0,household
31793,1630,WX,3595.0,household
31794,1631,ST,2743.0,household
31795,1632,OP,1977.6,leasing
31796,1633,CD,2145.0,household
31797,1635,EF,5683.0,household
31798,1636,ST,4964.0,household
31799,1637,KL,774.0,household
31800,1637,GH,2569.0,household
31801,1638,AB,2676.0,loan_repayment
31802,1638,QR,9749.0,household
31806,1640,UV,4783.0,household
31807,1641,UV,1977.6,leasing
31808,1641,ST,7532.0,household
31809,1641,MN,1294.0,other
31810,1641,QR,423.0,insurance
31811,1642,UV,3597.0,household
31816,1644,EF,2534.0,household
31817,1644,IJ,1022.0,other
31818,1644,GH,17.0,insurance
31819,1645,EF,9078.0,household
31820,1646,ST,6521.0,household
31821,1646,QR,1651.0,other
31822,1647,OP,2412.0,household
31823,1647,GH,1199.0,other
31824,1647,YZ,12.0,insurance
31825,1650,IJ,3649.0,household
31826,1650,OP,9100.0,other
31827,1651,IJ,1581.7,leasing
31828,1652,WX,3422.0,household
31829,1653,EF,4656.0,household
31830,1655,IJ,4277.0,household
31831,1655,GH,3827.0,other
31832,1656,IJ,3954.3,loan_repayment
31833,1656,YZ,12113.0,household
31834,1657,OP,2156.0,household
31835,1658,UV,1950.0,household
31836,1658,AB,172.0,other
31837,1659,QR,2806.0,household
31838,1660,OP,2372.6,leasing
31843,1662,UV,9626.0,household
31844,1663,QR,2220.0,household
31845,1663,IJ,420.0,household
31846,1664,UV,5454.0,household
31847,1665,EF,1578.0,household
31848,1666,AB,2164.0,household
31849,1668,IJ,3275.0,household
31850,1669,UV,5562.0,household
31851,1670,WX,1242.0,household
31852,1670,QR,1312.0,household
31853,1671,AB,2507.0,household
31854,1671,YZ,502.0,household
31855,1672,ST,3898.0,household
31856,1673,AB,2447.0,household
31857,1674,WX,3804.0,household
31858,1675,GH,2125.0,household
31861,1677,IJ,5530.0,household
31862,1678,IJ,2952.0,household
31863,1678,OP,1778.0,other
31864,1679,ST,5087.0,household
31865,1680,QR,5955.0,household
31866,1681,UV,8550.0,household
31867,1681,AB,6.0,other
31868,1681,YZ,1032.0,insurance
31869,1683,WX,1342.0,household
31870,1683,UV,3239.0,other
31871,1683,MN,345.0,insurance
31872,1684,GH,2123.0,leasing
31873,1685,ST,7968.0,household
31874,1686,UV,1532.0,household
31875,1686,YZ,1225.0,other
31877,1688,OP,2249.0,household
31878,1689,MN,2128.0,household
31879,1690,YZ,3311.0,household
31880,1691,EF,720.0,household
31881,1691,QR,1214.0,other
31884,1693,WX,2482.0,leasing
31885,1693,AB,11276.0,household
31886,1695,AB,14658.0,household
31887,1696,QR,2159.0,household
31888,1697,QR,408.0,household
31889,1697,AB,1778.0,other
31890,1697,CD,35.0,insurance
31891,1698,UV,9642.0,household
31892,1698,CD,3943.0,loan_repayment
31893,1699,IJ,3463.0,household
31894,1699,EF,19.0,household
31895,1700,AB,6765.0,household
31896,1701,ST,4425.3,leasing
31897,1701,MN,7571.0,household
31898,1702,QR,4689.0,household
31899,1703,CD,3554.0,household
31900,1704,KL,3285.0,household
31901,1705,KL,5502.0,household
31902,1706,QR,2058.0,household
31903,1707,YZ,1196.9,leasing
31904,1707,KL,7830.0,household
31905,1708,IJ,4519.0,household
31906,1708,WX,3339.0,other
31907,1709,MN,3227.0,household
31908,1710,ST,2071.0,household
31909,1711,KL,183.0,household
31910,1711,KL,188.0,other
31911,1711,CD,2158.0,insurance
31912,1712,WX,1626.0,household
31913,1714,MN,3028.0,household
31914,1716,OP,3575.0,household
31915,1716,ST,1032.0,other
31916,1717,ST,2500.0,household
31917,1718,CD,7178.0,loan_repayment
31918,1718,AB,14456.0,household
31919,1719,UV,2768.0,household
31920,1722,EF,4472.0,household
31921,1723,AB,1092.0,household
31922,1723,YZ,3904.0,other
31923,1723,GH,4676.0,insurance
31924,1723,ST,8.0,other
31925,1724,QR,1604.0,household
31926,1726,AB,4438.0,household
31927,1726,OP,2082.0,other
31928,1726,EF,74.0,insurance
31929,1726,UV,115.0,other
31930,1727,QR,1794.0,household
31931,1727,EF,1093.0,other
31932,1727,ST,3723.0,insurance
31933,1728,OP,4954.0,household
31934,1729,YZ,6554.0,household
31935,1730,WX,1978.0,household
31936,1731,QR,2631.0,household
31937,1732,WX,8050.0,household
31938,1733,UV,3126.0,leasing
31939,1733,UV,5808.0,household
31940,1734,UV,9431.0,household
31941,1736,MN,3666.0,household
31942,1737,GH,3103.0,household
31943,1737,QR,2329.0,other
31944,1738,MN,1998.0,household
31945,1739,GH,9979.0,household
31946,1740,WX,2713.0,household
31947,1741,IJ,2366.0,household
31948,1742,IJ,3827.0,household
31949,1743,EF,2279.0,household
31950,1744,KL,3317.0,household
31951,1747,MN,871.0,household
31952,1747,MN,1118.0,other
31956,1749,AB,4560.8,leasing
31957,1749,MN,9678.0,household
31958,1750,MN,4028.0,household
31959,1750,OP,5517.0,other
31964,1756,GH,6307.0,household
31965,1758,IJ,9384.0,household
31966,1758,ST,355.0,other
31967,1759,EF,1856.0,household
31968,1759,WX,1866.0,other
31969,1760,GH,1458.0,household
31970,1760,WX,251.0,household
31971,1761,AB,3048.0,household
31972,1761,EF,3407.0,other
31973,1761,ST,294.0,insurance
31974,1762,CD,853.0,household
31975,1762,QR,3352.0,other
31976,1762,MN,1972.0,insurance
31977,1762,QR,6893.0,loan_repayment
31978,1763,UV,1146.0,household
31979,1763,QR,5539.0,other
31980,1764,CD,5270.0,household
31981,1765,EF,2011.0,household
31982,1766,KL,4353.0,household
31983,1766,EF,43.0,other
31984,1766,YZ,49.0,insurance
31985,1766,OP,2390.0,other
31986,1766,CD,501.0,loan_repayment
31987,1767,ST,2266.0,household
31988,1767,KL,1523.0,other
31989,1767,IJ,1040.0,insurance
31990,1770,EF,8351.0,household
31991,1771,GH,3052.0,household
31992,1772,WX,5633.0,loan_repayment
31993,1772,IJ,11994.0,household
31994,1773,ST,2877.0,household
31995,1774,AB,2170.0,household
31996,1775,QR,2343.0,household
31997,1776,YZ,5710.0,household
31998,1776,WX,1800.0,loan_repayment
31999,1777,YZ,1240.0,household
32000,1777,AB,1418.0,other
32001,1777,AB,1657.0,insurance
32002,1778,YZ,3432.0,household
32003,1779,KL,3023.0,household
32004,1779,EF,1230.0,other
32005,1779,IJ,61.0,insurance
32006,1780,UV,5429.0,household
32007,1782,EF,3231.0,household
32008,1783,EF,6003.0,household
32009,1784,EF,1785.0,household
32010,1785,IJ,1722.0,household
32011,1786,QR,8818.0,household
32012,1787,EF,8033.2,loan_repayment
32014,1790,KL,2096.0,household
32015,1790,ST,1935.0,other
32016,1791,ST,6956.0,household
32017,1792,IJ,1712.0,household
32018,1793,IJ,5182.0,household
32019,1793,ST,1345.0,leasing
32020,1794,ST,2867.0,household
32021,1794,MN,1890.0,other
32022,1794,CD,198.0,insurance
32023,1794,IJ,47.0,other
32024,1795,MN,3850.0,household
32025,1796,UV,1809.0,household
32026,1796,AB,1228.0,other
32027,1797,CD,3835.0,household
32028,1797,ST,4015.0,other
32029,1798,AB,2602.0,household
32030,1798,MN,1687.0,other
32031,1798,YZ,4316.0,insurance
32032,1799,MN,2514.0,household
32033,1800,KL,5103.0,household
32034,1800,EF,1643.0,other
32035,1801,OP,4610.0,loan_repayment
32036,1801,QR,4167.0,household
32037,1801,YZ,3419.0,other
32038,1801,AB,956.0,insurance
32039,1802,UV,1112.0,household
32040,1802,CD,1396.0,household
32041,1803,AB,1474.0,household
32042,1803,YZ,829.0,other
32043,1805,YZ,2693.0,leasing
32044,1805,OP,3110.0,household
32045,1806,UV,2552.0,household
32046,1807,YZ,4731.0,household
32047,1808,QR,8033.2,loan_repayment
32048,1809,KL,6269.0,household
32049,1809,WX,183.0,other
32050,1809,WX,6860.0,insurance
32051,1810,ST,5925.0,household
32052,1811,EF,3990.8,loan_repayment
32053,1811,ST,4206.0,household
32054,1811,KL,6745.0,other
32055,1812,KL,1169.0,household
32056,1812,EF,1133.0,other
32057,1813,GH,812.0,household
32058,1813,QR,4350.0,other
32059,1814,QR,3035.0,household
32060,1815,OP,6037.0,household
32061,1815,QR,3859.0,other
32062,1816,MN,2824.0,household
32063,1817,CD,9131.0,household
32064,1819,UV,3990.8,loan_repayment
32065,1819,OP,966.0,household
32066,1819,MN,1236.0,other
32067,1819,UV,8253.0,insurance
32068,1820,WX,7794.0,household
32069,1821,IJ,9385.0,household
32070,1822,IJ,1996.0,household
32071,1823,QR,2347.0,household
32072,1824,AB,319.0,household
32073,1824,CD,9515.0,other
32074,1825,QR,1425.0,household
32075,1825,ST,2688.0,other
32076,1826,OP,9921.0,household
32077,1827,EF,2567.0,household
32078,1828,KL,2394.5,leasing
32079,1828,EF,4036.0,household
32080,1828,UV,1613.0,other
32081,1828,WX,153.0,insurance
32082,1828,YZ,1498.0,other
32083,1829,UV,3684.0,household
32084,1830,YZ,7692.0,household
32085,1831,KL,2047.0,household
32086,1832,UV,2072.1,leasing
32087,1832,QR,3275.0,household
32088,1832,CD,139.0,other
32089,1832,CD,581.0,insurance
32090,1832,CD,5933.0,other
32091,1833,KL,1674.0,household
32092,1834,QR,8084.0,household
32093,1835,GH,5938.0,household
32094,1835,AB,1431.0,other
32095,1836,YZ,6666.0,household
32096,1836,EF,1685.0,other
32097,1837,GH,6387.0,household
32098,1838,EF,2072.1,leasing
32099,1838,UV,8940.0,household
32100,1839,OP,3093.0,household
32101,1841,MN,2840.0,household
32102,1841,KL,259.0,other
32104,1843,QR,2938.7,loan_repayment
32105,1843,QR,6994.0,household
32106,1844,EF,2161.0,household
32107,1845,QR,12537.0,household
32108,1846,UV,2062.0,household
32109,1847,MN,1815.0,household
32110,1848,KL,3473.0,household
32115,1851,WX,3649.0,household
32116,1852,ST,2199.0,household
32117,1854,IJ,3948.0,household
32118,1855,MN,2897.0,household
32119,1856,MN,725.0,household
32120,1856,WX,1449.0,other
32121,1857,CD,4295.0,household
32122,1857,GH,279.0,other
32123,1858,ST,3764.0,household
32124,1859,WX,2826.0,household
32125,1860,GH,2170.0,household
32126,1861,QR,1574.0,household
32127,1861,AB,1519.0,other
32128,1862,YZ,6601.7,loan_repayment
32129,1863,GH,3371.0,household
32130,1863,ST,1096.0,other
32131,1863,QR,201.0,insurance
32133,1865,EF,1915.0,household
32134,1866,IJ,5051.0,household
32135,1866,MN,1896.0,loan_repayment
32136,1868,CD,12111.0,household
32137,1869,YZ,1054.0,loan_repayment
32138,1872,MN,5886.0,household
32139,1872,UV,137.0,other
32141,1874,ST,2100.0,household
32142,1875,OP,3094.0,household
32143,1876,IJ,2329.0,household
32144,1876,YZ,723.0,other
32145,1876,EF,8710.0,loan_repayment
32146,1877,AB,1198.0,household
32147,1877,UV,629.0,household
32148,1879,WX,907.0,household
32149,1879,QR,1119.0,other
32150,1881,AB,2046.0,household
32151,1881,CD,3640.0,other
32152,1882,IJ,1907.0,household
32153,1882,AB,1936.0,other
32154,1882,OP,60.0,insurance
32157,1886,QR,4512.7,loan_repayment
32158,1886,KL,4198.0,household
32159,1887,IJ,5608.0,household
32160,1888,KL,4780.0,loan_repayment
32161,1888,OP,510.0,household
32162,1888,YZ,3473.0,other
32163,1888,OP,3269.0,insurance
32164,1889,OP,3298.0,household
32165,1891,OP,2039.0,household
32166,1891,YZ,172.0,other
32167,1891,IJ,293.0,insurance
32168,1892,OP,2398.0,household
32169,1893,OP,6289.0,household
32170,1895,IJ,1791.5,leasing
32171,1895,YZ,5810.0,household
32172,1896,AB,1791.5,leasing
32173,1896,AB,9463.0,household
32174,1897,EF,1791.5,leasing
32175,1897,UV,8458.0,household
32176,1897,OP,2237.0,other
32177,1897,WX,129.0,insurance
32178,1899,CD,3081.0,household
32179,1900,KL,7114.0,household
32180,1901,ST,6355.0,household
32181,1903,QR,1878.0,household
32182,1903,YZ,260.0,other
32183,1904,WX,2991.0,household
32184,1904,KL,587.0,other
32185,1904,OP,2257.0,insurance
32186,1904,WX,1116.0,leasing
32187,1905,AB,3506.0,household
32188,1905,WX,3225.0,other
32189,1905,KL,72.0,insurance
32190,1906,OP,1872.8,loan_repayment
32191,1906,YZ,7355.0,household
32192,1906,YZ,158.0,other
32193,1907,OP,8181.0,household
32194,1907,UV,594.0,other
32195,1908,UV,3594.0,household
32196,1909,AB,43.0,household
32197,1909,KL,1156.0,other
32198,1909,KL,928.0,insurance
32199,1910,YZ,851.0,household
32200,1910,EF,2336.0,other
32201,1912,AB,3232.0,household
32202,1913,GH,2613.0,household
32203,1914,GH,1289.0,household
32204,1914,UV,2046.0,other
32205,1915,EF,4052.0,household
32206,1915,GH,2142.0,other
32207,1916,QR,4269.0,household
32208,1917,YZ,2943.0,household
32209,1918,CD,4231.0,household
32210,1919,EF,4545.0,household
32211,1919,UV,342.0,other
32212,1920,GH,3570.0,household
32213,1921,MN,2309.0,household
32214,1921,KL,124.0,other
32217,1924,WX,1962.0,household
32218,1925,WX,3860.0,household
32219,1926,WX,2643.0,household
32220,1926,QR,361.0,other
32221,1927,ST,2283.0,household
32222,1928,GH,2317.5,loan_repayment
32223,1929,IJ,2027.0,household
32224,1930,ST,3223.0,household
32225,1931,AB,4898.0,household
32226,1931,CD,23.0,other
32227,1931,AB,1302.0,insurance
32228,1933,ST,3804.0,household
32229,1934,CD,1428.0,household
32230,1934,IJ,4007.0,other
32231,1934,UV,720.0,insurance
32232,1934,UV,1167.0,other
32233,1936,UV,2141.0,household
32234,1937,IJ,2933.0,household
32235,1938,IJ,6646.0,household
32236,1938,UV,586.0,leasing
32237,1939,CD,3090.0,household
32238,1939,QR,893.0,other
32239,1940,GH,3106.0,household
32242,1943,EF,3060.0,household
32243,1943,KL,1412.0,other
32244,1943,MN,2704.0,insurance
32245,1943,UV,2181.0,other
32246,1944,OP,6741.0,household
32247,1946,GH,7593.0,household
32248,1947,QR,3448.0,household
32249,1948,GH,731.0,household
32250,1948,OP,6569.0,other
32251,1949,GH,6888.0,household
32252,1949,UV,107.0,other
32253,1949,OP,43.0,insurance
32254,1949,IJ,487.0,other
32255,1950,KL,6943.0,household
32256,1951,UV,709.0,household
32257,1951,EF,968.0,other
32258,1951,GH,2441.0,insurance
32259,1954,IJ,2140.0,household
32260,1955,KL,1964.0,household
32261,1956,UV,4674.0,household
32262,1957,UV,1595.0,household
32263,1957,QR,892.0,other
32264,1958,UV,2934.0,household
32265,1959,YZ,2975.0,household
32266,1959,QR,167.0,household
32267,1960,YZ,2103.0,household
32268,1960,IJ,47.0,other
32269,1961,QR,2293.0,household
32270,1962,MN,770.0,household
32271,1962,OP,1192.0,other
32272,1962,MN,1771.0,insurance
32273,1963,OP,3175.0,household
32274,1964,CD,2438.0,household
32275,1965,IJ,9541.0,household
32276,1966,EF,5569.0,household
32277,1967,YZ,5194.0,loan_repayment
32278,1967,KL,14164.0,household
32280,1969,QR,5403.0,household
32281,1970,EF,1774.0,household
32282,1970,GH,1916.0,other
32283,1971,GH,6624.0,household
32284,1972,YZ,2736.0,household
32285,1973,KL,847.0,household
32286,1973,WX,1150.0,other
32287,1975,QR,2625.0,household
32288,1975,GH,1480.0,other
32289,1975,ST,1711.0,insurance
32290,1975,ST,765.0,other
32291,1976,CD,3408.0,household
32292,1976,WX,2157.0,other
32293,1978,KL,5700.3,loan_repayment
32294,1978,OP,7001.0,household
32295,1978,UV,5900.0,other
32296,1978,KL,356.0,insurance
32297,1979,UV,2014.0,household
32298,1980,KL,6879.0,household
32299,1981,OP,1087.0,household
32300,1981,GH,1097.0,other
32301,1982,OP,3732.0,household
32302,1986,ST,5451.0,household
32303,1988,AB,2671.0,household
32304,1989,MN,1982.0,household
32305,1990,WX,2168.0,household
32306,1991,ST,2857.0,household
32307,1991,QR,4312.0,other
32308,1991,OP,341.0,insurance
32309,1992,AB,4140.0,household
32310,1993,ST,5700.3,loan_repayment
32311,1994,YZ,3962.0,household
32312,1994,QR,706.0,other
32313,1994,WX,18.0,insurance
32314,1994,EF,43.0,other
32315,1995,QR,2944.0,household
32316,1996,GH,2395.6,leasing
32317,1997,AB,581.0,household
32318,1997,OP,1361.0,household
32319,1999,EF,2676.0,household
32320,1999,EF,3778.0,other
32321,2000,YZ,3318.0,household
32322,2000,GH,48.0,other
32323,2000,AB,14.0,insurance
32324,2000,KL,4847.0,loan_repayment
32325,2001,MN,12524.0,household
32326,2002,EF,3688.0,household
32327,2003,GH,2127.0,leasing
32328,2004,MN,5472.0,household
32329,2005,ST,1924.0,household
32330,2005,MN,141.0,other
32331,2005,GH,209.0,insurance
32332,2006,WX,2764.0,household
32333,2006,AB,371.0,household
32334,2008,AB,543.0,household
32335,2008,EF,3655.0,other
32336,2009,WX,2995.0,household
32337,2009,MN,1268.0,other
32338,2010,KL,3876.0,household
32339,2011,YZ,1726.0,household
32340,2011,KL,272.0,other
32341,2011,MN,12.0,insurance
32342,2012,IJ,3844.0,household
32346,2015,UV,4535.0,household
32347,2016,WX,741.0,household
32348,2016,KL,1069.0,other
32349,2016,ST,157.0,insurance
32350,2017,UV,1855.0,household
32351,2017,IJ,816.0,other
32352,2018,WX,3115.0,household
32353,2018,ST,3210.0,loan_repayment
32354,2019,GH,1422.0,household
32355,2019,AB,265.0,other
32356,2019,OP,415.0,insurance
32357,2020,WX,2329.0,household
32358,2022,MN,1943.0,household
32359,2023,CD,1687.0,household
32360,2023,YZ,4208.0,other
32361,2023,UV,1052.0,insurance
32362,2023,OP,1684.0,other
32363,2024,EF,7024.0,household
32364,2025,OP,6704.0,household
32365,2026,WX,1943.0,household
32366,2026,YZ,3387.0,other
32367,2027,AB,3476.0,household
32368,2030,CD,4325.0,household
32371,2032,KL,2873.0,household
32372,2032,QR,225.0,other
32373,2032,KL,690.0,insurance
32374,2032,IJ,1441.0,other
32375,2033,MN,4274.0,household
32376,2034,OP,8744.0,household
32377,2035,WX,4898.2,loan_repayment
32378,2035,GH,8404.0,household
32379,2035,CD,917.0,other
32380,2035,EF,121.0,insurance
32381,2035,WX,93.0,other
32382,2037,GH,762.0,household
32383,2037,CD,8535.0,other
32384,2038,KL,1580.0,household
32385,2038,CD,2062.0,other
32386,2040,UV,5262.0,household
32387,2042,YZ,1258.0,household
32388,2042,IJ,1008.0,other
32389,2043,QR,4366.0,household
32390,2044,IJ,8417.0,household
32391,2044,UV,861.0,leasing
32392,2045,EF,1536.0,household
32393,2046,KL,426.0,household
32394,2046,EF,1647.0,other
32395,2047,AB,2670.0,household
32396,2048,UV,2525.0,household
32397,2048,KL,1466.0,other
32398,2048,GH,1017.0,leasing
32399,2049,AB,4854.0,household
32400,2049,GH,1037.0,other
32401,2050,OP,3564.0,household
32402,2050,WX,5542.0,other
32403,2050,WX,197.0,insurance
32404,2050,KL,401.0,other
32405,2051,UV,4898.2,loan_repayment
32406,2052,EF,4278.0,household
32407,2052,GH,72.0,other
32408,2052,OP,263.0,insurance
32409,2052,CD,1799.0,leasing
32410,2053,UV,4409.0,household
32411,2054,ST,1488.0,household
32412,2054,CD,4448.0,other
32413,2054,UV,2802.0,insurance
32414,2055,WX,6844.0,household
32415,2055,KL,4521.0,loan_repayment
32416,2057,OP,3573.0,household
32417,2057,YZ,970.0,other
32418,2057,KL,769.0,insurance
32419,2057,AB,102.0,other
32420,2058,ST,2564.0,household
32421,2058,ST,131.0,other
32422,2058,YZ,5.0,insurance
32423,2058,IJ,2.0,other
32424,2060,WX,7523.0,household
32425,2061,QR,1994.0,household
32426,2061,OP,675.0,other
32427,2062,QR,7182.5,loan_repayment
32428,2062,ST,107.0,household
32429,2062,YZ,3136.0,other
32430,2063,YZ,1542.0,household
32431,2064,EF,2322.7,loan_repayment
32432,2065,OP,3075.0,household
32433,2066,WX,2319.0,household
32434,2068,QR,172.0,household
32435,2068,WX,1405.0,other
32436,2068,OP,1047.0,insurance
32437,2069,YZ,484.0,household
32438,2069,CD,2223.0,other
32439,2069,MN,2108.0,insurance
32440,2069,YZ,118.0,other
32441,2070,QR,8092.0,household
32442,2071,ST,125.0,household
32443,2071,WX,3093.0,other
32444,2072,QR,6746.0,household
32445,2073,KL,1860.0,loan_repayment
32446,2074,ST,2354.0,household
32447,2074,EF,2568.0,other
32448,2075,KL,589.0,household
32449,2075,OP,992.0,other
32450,2075,UV,619.0,insurance
32451,2076,OP,382.0,household
32452,2076,OP,1670.0,household
32453,2078,GH,3598.0,household
32454,2080,UV,5961.0,loan_repayment
32455,2080,UV,13628.0,household
32456,2081,AB,2028.0,household
32457,2082,CD,822.0,household
32458,2082,CD,1782.0,other
32459,2082,YZ,5187.0,insurance
32460,2083,WX,8282.0,household
32461,2084,YZ,4554.0,household
32462,2085,AB,2124.0,household
32463,2085,UV,305.0,other
32464,2085,IJ,4045.0,insurance
32465,2087,IJ,4619.9,leasing
32466,2088,AB,3240.0,household
32469,2090,UV,3532.0,household
32470,2092,KL,7598.0,household
32471,2094,ST,2288.0,household
32472,2096,WX,3731.0,household
32473,2096,UV,5441.0,other
32478,2101,MN,987.0,household
32479,2101,AB,600.0,other
32480,2101,IJ,722.0,insurance
32481,2102,KL,5662.0,household
32482,2102,QR,1835.0,other
32483,2103,IJ,1482.0,household
32484,2103,EF,2211.0,other
32485,2104,QR,6927.0,household
32486,2105,EF,1546.0,household
32487,2106,IJ,3468.0,household
32488,2106,KL,8460.0,loan_repayment
32489,2107,YZ,6395.0,household
32490,2107,ST,663.0,other
32491,2108,WX,5974.0,household
32492,2110,OP,2050.0,household
32493,2111,AB,4619.9,leasing
32494,2112,UV,4788.0,household
32495,2114,UV,5102.0,household
32496,2114,CD,1742.0,other
32497,2115,UV,1940.0,household
32498,2116,EF,7699.8,loan_repayment
32499,2116,EF,1307.0,household
32500,2116,QR,3407.0,other
32501,2117,GH,7786.0,household
32502,2118,YZ,9871.0,household
32503,2119,QR,5688.0,household
32509,2121,ST,2625.0,household
32510,2121,CD,3382.0,other
32511,2122,UV,7663.0,household
32512,2123,EF,2141.0,household
32513,2124,QR,5207.0,household
32514,2124,KL,287.0,other
32515,2125,UV,3225.0,household
32516,2127,EF,1995.0,household
32517,2128,OP,3601.0,household
32522,2131,YZ,2560.0,household
32523,2131,WX,957.0,household
32524,2133,QR,2143.0,household
32525,2134,AB,3118.0,household
32526,2134,WX,641.0,other
32527,2134,MN,637.0,loan_repayment
32528,2135,KL,2740.0,household
32529,2135,QR,4101.0,other
32530,2137,KL,1958.7,leasing
32531,2138,UV,9788.0,household
32532,2139,IJ,2154.0,household
32533,2139,GH,4737.0,other
32534,2139,MN,6275.0,insurance
32535,2140,WX,2318.0,household
32536,2141,UV,5796.0,household
32537,2142,YZ,9768.0,household
32538,2142,OP,1944.0,loan_repayment
32539,2143,MN,7264.0,household
32540,2143,OP,1985.0,loan_repayment
32545,2146,UV,2400.0,household
32546,2146,AB,3230.0,other
32547,2147,MN,2965.0,household
32548,2147,WX,1341.0,leasing
32549,2148,QR,2301.0,household
32550,2148,MN,69.0,other
32551,2149,MN,2536.0,household
32552,2150,AB,2019.0,household
32553,2151,YZ,5286.0,household
32554,2151,GH,1227.0,other
32555,2151,AB,223.0,insurance
32556,2152,QR,3191.0,household
32557,2153,IJ,5129.5,loan_repayment
32558,2153,KL,1737.0,household
32559,2153,CD,10303.0,other
32560,2153,AB,2223.0,insurance
32561,2154,AB,2126.0,household
32562,2155,IJ,735.0,household
32563,2155,ST,1534.0,other
32564,2156,WX,9921.0,household
32565,2157,EF,9094.0,household
32566,2159,CD,1118.0,household
32567,2159,AB,7601.0,other
32568,2160,KL,6084.0,household
32569,2161,CD,2770.0,household
32570,2161,WX,1068.0,other
32571,2162,UV,8468.0,household
32572,2163,KL,2403.0,household
32573,2163,ST,2791.0,other
32574,2164,WX,7552.0,household
32575,2165,CD,3274.8,loan_repayment
32576,2165,IJ,12493.0,household
32577,2166,YZ,262.0,household
32578,2166,ST,991.0,other
32579,2166,UV,5263.0,insurance
32580,2167,IJ,5922.0,household
32581,2167,QR,7094.0,loan_repayment
32586,2169,AB,6235.0,household
32587,2169,QR,875.0,other
32588,2169,MN,1530.0,leasing
32589,2170,KL,4838.0,household
32590,2170,YZ,1468.0,other
32591,2170,MN,6011.0,insurance
32594,2172,KL,3413.0,household
32595,2173,WX,1951.0,household
32596,2174,OP,4367.0,household
32597,2176,MN,8307.8,loan_repayment
32598,2176,KL,1085.0,household
32599,2176,EF,5135.0,other
32600,2177,QR,3168.0,household
32601,2178,ST,7959.0,household
32602,2179,CD,2386.0,household
32603,2179,OP,3650.0,other
32604,2179,YZ,240.0,insurance
32605,2179,OP,78.0,other
32609,2182,OP,5262.0,household
32610,2184,IJ,3165.0,household
32611,2185,MN,2004.0,household
32612,2186,ST,2283.0,household
32613,2187,WX,4456.0,loan_repayment
32617,2189,UV,1449.0,household
32618,2189,WX,704.0,other
32619,2189,AB,2803.0,insurance
32620,2190,WX,3649.0,household
32621,2190,ST,1490.0,other
32622,2190,EF,2782.0,insurance
32623,2191,MN,6762.0,household
32624,2192,CD,5743.0,household
32625,2192,KL,7.0,other
32626,2192,ST,1428.0,insurance
32627,2192,AB,1852.0,leasing
32628,2193,UV,3424.0,household
32629,2194,EF,9386.0,household
32630,2196,IJ,2160.0,household
32631,2197,YZ,8524.0,household
32635,2199,UV,668.0,household
32636,2199,AB,1830.0,other
32637,2200,GH,397.0,leasing
32638,2201,IJ,1357.0,household
32639,2201,CD,391.0,other
32640,2201,EF,348.0,insurance
32643,2203,GH,2320.0,household
32644,2204,OP,3954.0,household
32645,2205,EF,3042.0,household
32646,2206,EF,3930.0,household
32647,2208,IJ,2126.0,household
32648,2209,YZ,5887.0,household
32649,2209,ST,1418.0,other
32650,2210,YZ,2553.0,household
32651,2211,IJ,7863.0,household
32652,2212,QR,3206.0,household
32653,2213,IJ,6273.0,household
32654,2214,UV,948.0,leasing
32655,2215,QR,2348.0,household
32656,2216,AB,4705.0,leasing
32657,2216,MN,5184.0,household
32658,2218,YZ,3034.0,loan_repayment
32659,2219,ST,4103.8,leasing
32660,2220,IJ,2783.0,household
32661,2221,EF,1455.0,household
32662,2221,CD,719.0,other
32663,2222,ST,4103.8,leasing
32664,2223,IJ,2930.0,household
32665,2224,CD,2324.2,leasing
32666,2225,GH,1946.0,household
32667,2226,QR,40.0,household
32668,2226,GH,8042.0,other
32669,2227,MN,3873.7,loan_repayment
32670,2227,EF,13386.0,household
32671,2228,CD,3873.7,loan_repayment
32672,2228,ST,4625.0,household
32673,2229,KL,9605.0,household
32674,2230,GH,2612.0,household
32675,2231,AB,2181.0,household
32676,2231,KL,1431.0,other
32677,2232,EF,4916.0,household
32678,2233,WX,2028.0,household
32679,2234,ST,1247.0,household
32680,2234,AB,59.0,other
32681,2234,UV,811.0,insurance
32682,2235,CD,3730.0,household
32683,2236,OP,3873.7,loan_repayment
32685,2237,IJ,4876.0,household
32686,2237,KL,891.0,other
32687,2237,WX,1320.0,insurance
32690,2239,AB,7355.0,household
32691,2239,YZ,405.0,other
32692,2240,IJ,2324.2,leasing
32693,2241,KL,6545.0,household
32694,2241,KL,455.0,other
32695,2241,UV,16.0,insurance
32696,2242,UV,5538.0,household
32697,2243,MN,3890.0,household
32698,2243,YZ,547.0,other
32699,2244,IJ,1690.0,household
32700,2245,UV,7248.8,loan_repayment
32701,2246,YZ,6930.0,loan_repayment
32702,2247,UV,3021.0,loan_repayment
32703,2247,OP,592.0,household
32704,2247,CD,1344.0,other
32705,2247,WX,659.0,insurance
32706,2247,UV,1051.0,other
32711,2250,EF,4182.0,household
32715,2252,IJ,637.0,household
32716,2252,WX,1469.0,other
32717,2253,OP,2944.0,household
32718,2254,OP,4349.3,leasing
32719,2254,YZ,8879.0,household
32720,2254,QR,1488.0,other
32721,2255,WX,2084.0,household
32722,2256,UV,3152.0,household
32723,2257,CD,2005.0,household
32724,2258,YZ,2202.0,household
32725,2259,CD,2520.0,household
32729,2262,CD,6395.0,loan_repayment
32730,2263,AB,7927.0,household
32731,2264,EF,1810.0,household
32733,2267,KL,3143.0,household
32734,2268,ST,5742.0,household
32735,2268,AB,561.0,loan_repayment
32736,2269,ST,4581.0,household
32737,2269,IJ,512.0,leasing
32738,2270,YZ,3604.0,household
32739,2271,GH,2032.0,household
32740,2272,WX,3986.0,household
32747,2275,KL,6531.0,household
32748,2276,MN,1615.0,household
32751,2278,YZ,1145.0,household
32752,2278,MN,7377.0,other
32753,2279,OP,6556.3,loan_repayment
32754,2280,QR,6841.0,household
32755,2281,YZ,5720.0,household
32756,2282,YZ,4704.0,household
32764,2286,YZ,1192.0,household
32765,2286,CD,2109.0,other
32766,2287,KL,6275.0,household
32767,2288,AB,5411.0,household
32768,2289,AB,5309.0,household
32769,2290,ST,3965.0,household
32770,2291,KL,3825.0,household
32771,2292,CD,1626.0,household
32772,2292,YZ,223.0,other
32773,2292,MN,147.0,insurance
32774,2293,IJ,2332.0,household
32775,2294,MN,4426.0,household
32776,2296,OP,3531.0,household
32777,2297,UV,819.0,household
32778,2297,QR,1452.0,other
32779,2297,AB,689.0,insurance
32780,2298,UV,4550.0,household
32781,2301,EF,6907.0,household
32782,2302,YZ,1989.0,household
32783,2302,MN,1838.0,other
32784,2303,KL,7892.0,household
32786,2306,ST,1179.0,household
32787,2306,KL,3586.0,other
32788,2307,OP,3336.0,household
32789,2307,YZ,123.0,household
32794,2309,KL,8604.0,household
32795,2310,WX,5259.0,household
32796,2311,AB,6798.0,household
32797,2312,CD,3392.0,household
32798,2313,MN,5426.0,household
32799,2313,GH,1341.0,other
32800,2315,WX,1673.0,household
32801,2316,KL,2111.0,household
32802,2316,IJ,7.0,other
32803,2316,MN,8.0,other
32804,2317,CD,195.0,household
32805,2317,AB,2486.0,household
32806,2318,UV,3081.0,household
32807,2318,IJ,5191.0,other
32808,2318,ST,654.0,insurance
32809,2318,IJ,251.0,other
32810,2319,ST,9510.0,household
32814,2321,EF,1158.0,leasing
32815,2322,KL,1930.0,loan_repayment
32816,2322,ST,3359.0,household
32817,2322,QR,690.0,other
32818,2322,EF,1019.0,insurance
32819,2322,ST,1612.0,other
32820,2323,AB,6446.0,household
32821,2324,WX,4151.0,household
32822,2325,GH,1334.0,household
32823,2325,ST,2155.0,other
32824,2325,MN,2270.0,insurance
32825,2326,AB,3422.0,household
32826,2327,WX,13208.0,household
32827,2328,MN,1846.0,household
32828,2329,WX,4400.0,household
32829,2330,QR,1662.0,household
32830,2330,EF,601.0,other
32831,2331,GH,667.0,household
32832,2331,MN,1408.0,other
32833,2332,EF,3919.0,household
32834,2334,IJ,2013.0,loan_repayment
32835,2334,ST,10707.0,household
32836,2335,YZ,2036.0,household
32837,2335,EF,1069.0,other
32838,2335,UV,485.0,insurance
32839,2335,OP,1676.0,other
32840,2335,GH,9020.0,loan_repayment
32841,2336,KL,3058.0,household
32842,2337,IJ,2963.0,household
32843,2337,UV,927.0,other
32844,2338,GH,1207.8,leasing
32845,2339,MN,3893.0,household
32846,2341,OP,1583.0,household
32847,2341,ST,464.0,other
32848,2342,AB,2164.0,household
32849,2343,UV,4723.0,household
32850,2343,KL,4139.0,loan_repayment
32851,2344,KL,1002.0,household
32852,2344,CD,2019.0,household
32853,2345,QR,3328.2,loan_repayment
32854,2345,QR,3612.0,household
32855,2346,UV,334.0,household
32856,2346,QR,1939.0,other
32857,2346,WX,6970.0,insurance
32858,2346,QR,3596.0,other
32859,2347,WX,3477.0,household
32860,2348,UV,3057.0,household
32861,2348,QR,3349.0,other
32862,2349,ST,1992.0,household
32863,2350,OP,3328.2,loan_repayment
32864,2350,KL,575.0,household
32865,2350,IJ,5263.0,other
32866,2351,QR,9173.0,household
32867,2352,MN,5581.0,household
32868,2352,GH,34.0,other
32869,2352,EF,4.0,insurance
32870,2352,AB,824.0,loan_repayment
32871,2353,IJ,7732.0,household
32872,2353,YZ,1968.0,other
32873,2354,ST,9071.0,household
32874,2357,KL,3869.0,household
32875,2358,OP,6114.0,household
32876,2359,YZ,3119.0,household
32877,2360,KL,7580.0,household
32878,2361,MN,4613.0,household
32879,2361,YZ,4352.0,loan_repayment
32880,2362,KL,2259.0,household
32881,2363,CD,1525.0,household
32882,2363,YZ,599.0,household
32883,2364,CD,2033.0,household
32884,2365,KL,3061.0,household
32885,2366,CD,388.0,household
32886,2366,QR,1261.0,household
32887,2367,MN,5601.0,household
32888,2367,KL,3678.0,other
32890,2369,YZ,7292.0,household
32891,2369,EF,207.0,other
32892,2370,MN,9747.0,household
32893,2371,UV,7101.3,loan_repayment
32894,2371,YZ,12510.0,household
32895,2371,AB,793.0,other
32896,2371,OP,1087.0,insurance
32897,2371,YZ,294.0,other
32898,2372,KL,108.0,household
32899,2372,MN,1946.0,other
32900,2372,GH,107.0,insurance
32901,2372,MN,131.0,other
32902,2373,GH,2377.0,household
32903,2374,UV,2331.0,household
32904,2375,UV,279.0,household
32905,2375,KL,7022.0,other
32906,2376,ST,4428.0,household
32907,2377,CD,305.0,household
32908,2377,UV,1652.0,household
32909,2378,EF,9612.0,household
32910,2379,AB,3190.0,household
32911,2379,IJ,145.0,other
32912,2379,OP,46.0,insurance
32913,2380,QR,4206.0,household
32914,2381,WX,9358.0,household
32915,2382,AB,3123.0,household
32916,2383,YZ,1897.0,household
32917,2383,WX,3334.0,other
32918,2383,UV,139.0,insurance
32919,2384,YZ,4282.0,leasing
32920,2385,MN,1305.0,leasing
32921,2386,WX,2042.0,household
32922,2386,KL,1797.0,other
32923,2387,WX,3414.0,household
32924,2388,QR,2328.0,household
32925,2389,IJ,3912.0,household
32926,2390,WX,2353.0,leasing
32927,2390,KL,2206.0,household
32928,2390,QR,11464.0,other
32929,2391,GH,4959.0,household
32930,2393,KL,4292.0,household
32931,2393,AB,1253.0,leasing
32932,2394,KL,3103.0,loan_repayment
32933,2394,IJ,3131.0,household
32934,2394,CD,182.0,other
32935,2394,WX,788.0,insurance
32936,2395,IJ,3696.0,household
32937,2396,AB,2548.0,household
32938,2397,YZ,3113.0,household
32939,2397,MN,16.0,other
32940,2400,MN,1640.0,household
32941,2401,KL,2782.0,household
32942,2402,IJ,2384.0,household
32943,2403,GH,3031.0,household
32944,2404,YZ,5488.0,household
32945,2405,KL,6407.0,household
32946,2406,QR,3186.0,household
32947,2407,YZ,7292.0,household
32948,2408,QR,3017.0,household
32949,2408,ST,53.0,other
32950,2409,WX,5028.0,household
32951,2410,EF,3410.0,household
32957,2413,KL,6448.0,household
32958,2413,MN,1496.0,loan_repayment
32959,2414,EF,465.0,household
32960,2414,EF,1501.0,other
32961,2415,OP,7308.0,household
32962,2416,UV,9425.0,household
32963,2417,YZ,1319.0,household
32964,2417,OP,1843.0,other
32965,2419,ST,7984.3,loan_repayment
32966,2420,YZ,2401.0,household
32967,2421,YZ,1544.0,household
32968,2421,MN,220.0,other
32969,2421,OP,363.0,insurance
32970,2422,EF,2809.0,household
32971,2423,KL,1494.0,household
32972,2423,AB,1317.0,household
32973,2424,EF,14138.0,household
32974,2425,KL,5936.0,household
32978,2427,CD,5496.0,household
32979,2427,YZ,868.0,other
32980,2427,UV,2342.0,insurance
32981,2429,QR,6786.0,household
32982,2429,GH,369.0,other
32983,2431,KL,1243.0,household
32984,2431,UV,236.0,other
32985,2431,IJ,2305.0,insurance
32986,2431,WX,1502.0,leasing
32987,2432,GH,2554.0,household
32988,2433,GH,1757.0,household
32989,2434,CD,2927.0,household
32990,2435,UV,1633.9,leasing
32991,2435,WX,7904.0,household
32992,2437,OP,656.0,household
32993,2437,YZ,1338.0,other
32994,2438,GH,5817.0,household
32995,2438,UV,705.0,other
32996,2439,ST,2096.0,household
32997,2440,YZ,6219.0,household
32998,2440,KL,661.0,other
32999,2440,GH,1230.0,insurance
33000,2441,OP,4719.0,household
33001,2441,ST,490.0,other
33002,2441,ST,785.0,insurance
33003,2442,AB,540.0,household
33004,2442,IJ,1568.0,other
33005,2443,OP,7034.0,household
33006,2444,OP,2931.6,leasing
33007,2445,ST,4886.0,loan_repayment
33008,2446,KL,6372.0,household
33009,2447,WX,6911.0,household
33010,2448,MN,1067.0,household
33011,2448,CD,1193.0,other
33012,2450,OP,1455.0,household
33013,2450,KL,7915.0,other
33014,2451,IJ,6944.0,household
33015,2452,WX,3244.0,household
33016,2453,UV,2190.0,household
33017,2455,OP,3262.0,household
33018,2456,YZ,4187.3,loan_repayment
33019,2456,KL,9554.0,household
33020,2457,UV,3834.0,household
33021,2459,ST,1971.0,household
33022,2460,MN,435.0,leasing
33024,2463,YZ,3077.0,household
33025,2464,WX,2592.0,leasing
33026,2464,ST,5555.0,household
33027,2464,KL,4681.0,other
33028,2465,KL,454.0,household
33029,2465,IJ,3176.0,household
33030,2466,WX,37.0,household
33031,2466,IJ,3733.0,other
33032,2467,IJ,5332.0,household
33033,2468,QR,2094.0,household
33034,2469,IJ,2220.0,household
33035,2470,CD,4511.0,household
33036,2470,GH,2105.0,other
33037,2470,IJ,1042.0,insurance
33038,2471,CD,3277.0,household
33039,2471,EF,1347.0,other
33040,2471,UV,363.0,insurance
33041,2471,KL,205.0,other
33042,2472,CD,4109.0,household
33043,2472,OP,1233.0,leasing
33044,2473,IJ,1760.0,household
33045,2473,IJ,236.0,other
33046,2474,QR,121.0,household
33047,2474,AB,2251.0,other
33048,2475,OP,166.0,household
33049,2475,ST,804.0,other
33050,2475,AB,3479.0,insurance
33051,2475,GH,3829.0,other
33052,2476,IJ,2854.0,household
33053,2477,EF,3096.0,household
33056,2479,AB,3022.0,household
33057,2479,ST,765.0,other
33058,2479,KL,204.0,insurance
33059,2480,YZ,3022.0,leasing
33060,2482,AB,7381.0,household
33061,2482,KL,127.0,other
33062,2482,AB,85.0,insurance
33063,2482,CD,55.0,other
33064,2482,WX,1721.0,leasing
33065,2483,KL,4996.0,household
33066,2483,GH,4926.0,other
33067,2484,OP,2343.0,household
33068,2484,OP,538.0,other
33069,2484,GH,599.0,insurance
33070,2484,ST,1390.0,other
33071,2485,UV,1944.0,household
33072,2486,OP,2043.0,loan_repayment
33073,2487,GH,1828.0,household
33074,2487,CD,228.0,other
33075,2487,OP,842.0,insurance
33076,2487,OP,262.0,other
33077,2487,ST,1557.0,leasing
33078,2488,UV,2030.0,household
33079,2489,KL,3854.0,household
33080,2490,ST,3526.0,household
33081,2490,MN,649.0,other
33082,2491,ST,1.0,household
33083,2491,OP,3232.0,other
33084,2492,ST,3235.0,household
33085,2492,GH,506.0,household
33086,2493,EF,5375.0,household
33087,2494,AB,693.0,household
33088,2494,AB,4206.0,other
33089,2494,IJ,2247.0,insurance
33090,2495,MN,856.0,leasing
33091,2496,GH,4982.0,household
33092,2496,MN,2752.0,loan_repayment
33093,2497,IJ,3970.0,household
33094,2497,ST,1871.0,leasing
33095,2498,AB,4223.0,household
33096,2498,QR,1798.0,leasing
33097,2499,EF,112.0,household
33098,2499,ST,1933.0,other
33099,2499,EF,1858.0,insurance
33100,2501,YZ,524.0,household
33101,2501,QR,3142.0,other
33102,2501,ST,745.0,insurance
33103,2502,QR,3885.0,household
33104,2503,CD,6279.0,household
33105,2504,KL,5513.0,household
33106,2505,WX,136.0,household
33107,2505,KL,1825.0,household
33108,2506,AB,10076.0,household
33109,2507,ST,4556.0,household
33110,2508,GH,2193.0,household
33111,2509,OP,7073.0,household
33112,2509,AB,4377.0,other
33113,2509,OP,1950.0,insurance
33114,2510,EF,6922.0,household
33115,2510,CD,92.0,other
33116,2510,QR,904.0,insurance
33117,2511,KL,2696.0,household
33118,2511,ST,3059.0,other
33121,2513,YZ,2655.0,household
33122,2514,GH,4001.0,household
33123,2516,AB,9721.0,loan_repayment
33124,2517,CD,11769.0,household
33126,2519,OP,1599.0,household
33127,2520,CD,2355.0,household
33128,2521,ST,6002.0,household
33129,2523,OP,1819.0,household
33130,2523,UV,82.0,other
33131,2523,KL,41.0,insurance
33132,2523,GH,73.0,other
33133,2524,ST,2550.0,household
33134,2525,ST,2408.0,household
33135,2525,GH,2929.0,other
33136,2526,EF,3964.0,household
33137,2527,YZ,2322.6,leasing
33138,2527,CD,5774.0,household
33139,2528,UV,2824.0,household
33143,2530,KL,99.0,household
33144,2530,KL,4379.0,other
33145,2530,GH,3698.0,insurance
33146,2531,KL,1614.0,household
33147,2532,GH,12133.0,household
33148,2534,CD,2190.0,household
33149,2534,MN,1220.0,other
33150,2535,OP,4273.0,household
33151,2535,QR,90.0,other
33152,2535,QR,153.0,insurance
33153,2536,WX,3136.0,household
33154,2537,UV,13540.0,household
33155,2538,EF,3689.0,household
33156,2539,MN,1919.0,household
33157,2539,MN,1904.0,household
33158,2541,IJ,1822.0,household
33159,2541,ST,2238.0,other
33160,2541,GH,1897.0,insurance
33161,2542,UV,435.0,household
33162,2542,AB,2637.0,other
33163,2542,YZ,308.0,insurance
33164,2543,GH,2145.0,household
33165,2544,ST,2920.0,household
33166,2544,GH,556.0,other
33167,2544,EF,33.0,insurance
33168,2544,YZ,5.0,other
33169,2545,AB,2637.0,household
33170,2545,ST,671.0,other
33171,2545,GH,713.0,insurance
33172,2545,ST,8933.0,loan_repayment
33173,2546,ST,4896.5,leasing
33174,2546,YZ,2985.0,household
33175,2546,KL,1152.0,other
33176,2546,MN,480.0,insurance
33177,2547,KL,5492.0,household
33178,2549,YZ,2085.0,household
33179,2550,AB,6828.0,household
33180,2550,MN,403.0,other
33181,2550,GH,67.0,insurance
33182,2550,ST,49.0,other
33183,2551,AB,2390.0,leasing
33184,2551,WX,11601.0,household
33185,2551,WX,2818.0,other
33186,2552,GH,7035.0,household
33187,2553,YZ,9687.0,household
33188,2554,CD,7607.0,household
33189,2555,QR,5464.0,household
33190,2555,AB,2261.0,other
33191,2556,WX,2006.0,household
33192,2557,YZ,2806.0,household
33193,2558,CD,1982.0,household
33194,2559,AB,5123.0,household
33195,2560,CD,1146.0,household
33196,2560,IJ,4445.0,other
33197,2561,CD,7764.0,household
33198,2562,EF,2235.0,household
33199,2563,YZ,2984.0,household
33200,2564,GH,8086.0,household
33201,2567,OP,2574.0,household
33202,2568,KL,5228.0,household
33203,2568,MN,1086.0,other
33204,2568,OP,306.0,insurance
33205,2569,OP,463.0,household
33206,2569,IJ,1871.0,household
33207,2570,KL,2051.0,household
33208,2572,ST,7500.0,loan_repayment
33209,2574,ST,9546.0,household
33210,2575,ST,407.0,household
33211,2575,UV,2171.0,household
33212,2576,IJ,8106.0,household
33213,2577,QR,3347.0,household
33214,2578,EF,2846.0,household
33215,2579,OP,2688.0,household
33216,2580,AB,5016.0,household
33217,2580,KL,1489.0,loan_repayment
33218,2581,OP,4769.0,household
33219,2582,EF,1381.0,household
33220,2582,ST,1748.0,other
33221,2583,YZ,415.0,leasing
33222,2584,OP,994.0,household
33223,2584,ST,582.0,household
33224,2588,MN,6509.0,household
33225,2589,YZ,2236.0,household
33226,2589,AB,1458.0,household
33227,2590,YZ,1300.0,household
33228,2590,KL,660.0,other
33229,2590,MN,60.0,insurance
33230,2591,OP,3301.0,household
33231,2592,KL,5129.0,household
33232,2593,MN,7300.0,household
33233,2594,GH,1189.0,leasing
33234,2594,CD,10912.0,household
33235,2594,OP,506.0,other
33236,2595,ST,3481.0,household
33237,2596,EF,2285.0,household
33238,2597,YZ,1398.0,household
33239,2597,MN,1957.0,other
33241,2600,AB,4379.0,household
33242,2602,QR,1332.0,household
33243,2602,WX,4073.0,other
33244,2603,ST,3210.0,household
33245,2604,OP,3965.0,household
33246,2605,WX,4245.0,household
33247,2606,AB,31.0,household
33248,2606,GH,2443.0,household
33249,2607,IJ,1433.0,household
33250,2607,GH,755.0,other
33251,2607,EF,882.0,insurance
33252,2607,UV,1570.0,leasing
33253,2608,OP,4788.0,household
33254,2609,WX,4881.9,leasing
33255,2610,QR,1842.0,household
33256,2612,WX,2259.5,leasing
33257,2613,ST,941.0,household
33258,2613,GH,2154.0,household
33259,2614,UV,2152.0,household
33260,2616,IJ,8188.0,household
33261,2617,QR,166.0,household
33262,2617,OP,1867.0,other
33263,2618,WX,3223.0,household
33264,2619,AB,5454.0,household
33265,2620,YZ,3855.0,household
33266,2621,AB,2819.0,household
33267,2622,YZ,7067.0,household
33268,2622,EF,5681.0,loan_repayment
33269,2623,EF,2891.0,household
33270,2624,AB,10744.0,household
33271,2625,CD,1922.0,leasing
33272,2625,OP,4978.0,household
33275,2627,KL,1579.0,household
33276,2627,YZ,561.0,household
33277,2628,GH,3090.0,leasing
33278,2631,CD,2125.0,household
33279,2632,EF,2042.0,household
33280,2632,IJ,41.0,other
33281,2632,IJ,2300.0,insurance
33282,2636,KL,3254.0,household
33283,2637,IJ,5194.0,household
33284,2638,IJ,1018.0,household
33285,2638,AB,728.0,other
33286,2638,UV,4538.0,insurance
33287,2639,MN,8633.0,household
33288,2640,ST,8872.0,household
33289,2641,WX,5126.0,household
33290,2642,IJ,792.0,household
33291,2642,IJ,571.0,other
33292,2642,EF,2536.0,insurance
33295,2644,CD,2563.0,household
33296,2644,IJ,124.0,household
33297,2645,IJ,389.0,household
33298,2645,OP,631.0,other
33299,2645,WX,5457.0,insurance
33300,2645,ST,1010.0,other
33301,2645,OP,725.0,leasing
33302,2646,EF,3005.8,leasing
33303,2646,MN,6232.0,household
33304,2646,OP,528.0,other
33305,2646,QR,300.0,insurance
33306,2647,YZ,5303.0,household
33307,2649,GH,5799.0,household
33308,2649,QR,320.0,other
33309,2649,ST,177.0,insurance
33310,2649,AB,655.0,other
33311,2650,AB,4563.0,household
33312,2651,YZ,3592.9,leasing
33313,2651,IJ,10862.0,household
33314,2652,CD,1735.0,household
33315,2652,QR,6351.0,other
33316,2653,YZ,6280.0,household
33317,2653,CD,2310.0,other
33318,2654,MN,3861.0,household
33319,2655,WX,2216.0,leasing
33320,2655,QR,2900.0,household
33321,2655,WX,89.0,other
33322,2655,KL,1339.0,insurance
33323,2656,OP,409.0,household
33324,2656,OP,1718.0,household
33325,2657,QR,2174.0,household
33326,2658,WX,486.0,household
33327,2658,MN,1367.0,other
33328,2658,CD,417.0,insurance
33331,2661,GH,4764.0,household
33332,2662,OP,3625.0,household
33333,2663,KL,3877.0,household
33334,2664,UV,3453.0,household
33335,2664,QR,475.0,other
33336,2666,UV,647.0,household
33337,2666,EF,1287.0,other
33338,2667,ST,2180.0,household
33339,2668,YZ,9884.0,household
33344,2670,AB,3978.0,household
33345,2670,CD,4754.0,other
33346,2671,QR,1984.0,household
33347,2672,OP,2111.0,household
33348,2672,IJ,211.0,other
33349,2673,QR,1759.0,household
33350,2673,MN,4111.0,other
33351,2676,OP,1510.0,household
33352,2676,IJ,1339.0,other
33353,2676,ST,2348.0,insurance
33354,2677,QR,3926.0,household
33355,2677,KL,641.0,other
33356,2677,YZ,1599.0,insurance
33357,2677,YZ,158.0,other
33358,2678,EF,3793.0,leasing
33359,2679,AB,3842.0,household
33360,2681,ST,4662.0,household
33361,2681,IJ,1560.0,leasing
33370,2685,CD,2576.0,household
33371,2686,OP,1996.0,household
33372,2687,EF,3830.0,household
33373,2688,YZ,2802.0,household
33374,2689,YZ,2727.0,household
33375,2689,UV,2121.0,other
33376,2690,YZ,2017.0,household
33377,2691,OP,1370.0,loan_repayment
33378,2692,GH,3386.0,household
33379,2693,IJ,5852.0,household
33380,2694,ST,3532.0,household
33381,2694,GH,7636.0,loan_repayment
33382,2695,ST,3923.0,household
33383,2696,OP,3115.0,household
33384,2697,GH,378.0,household
33385,2697,GH,3142.0,other
33386,2697,EF,629.0,insurance
33387,2699,AB,4816.0,loan_repayment
33388,2699,IJ,3743.0,household
33389,2699,CD,662.0,other
33390,2700,GH,5221.0,household
33391,2700,YZ,6129.0,other
33392,2700,QR,1123.0,insurance
33393,2700,OP,2323.0,other
33394,2701,MN,489.0,household
33395,2701,MN,5761.0,other
33396,2702,WX,3537.0,household
33397,2702,WX,29.0,other
33398,2703,AB,2082.0,household
33401,2705,YZ,2608.2,loan_repayment
33402,2705,GH,10723.0,household
33403,2707,QR,3032.0,household
33404,2707,GH,2546.0,other
33405,2709,CD,1969.0,household
33406,2709,UV,39.0,other
33407,2709,KL,16.0,insurance
33408,2711,MN,7300.0,household
33409,2711,ST,871.0,leasing
33410,2712,EF,2976.0,household
33411,2713,UV,3387.0,household
33412,2715,WX,1707.0,household
33413,2715,CD,216.0,other
33414,2715,KL,296.0,insurance
33415,2716,QR,989.0,household
33416,2716,UV,7456.0,other
33417,2717,MN,2271.0,household
33418,2719,AB,2889.0,household
33419,2720,ST,2608.2,loan_repayment
33420,2720,YZ,6206.0,household
33421,2720,AB,4719.0,other
33422,2721,QR,1544.0,household
33423,2721,QR,2200.0,other
33424,2721,MN,179.0,insurance
33425,2721,ST,73.0,other
33426,2722,KL,1671.0,household
33427,2723,KL,5546.0,household
33428,2724,ST,6399.0,household
33429,2725,CD,3197.0,household
33430,2725,WX,66.0,other
33431,2725,IJ,461.0,insurance
33432,2725,WX,1934.0,loan_repayment
33433,2726,EF,5297.0,household
33434,2728,OP,2607.0,loan_repayment
33435,2728,EF,11222.0,household
33436,2729,AB,8733.0,household
33437,2730,YZ,2284.0,household
33438,2731,CD,5044.0,household
33439,2732,ST,1564.9,leasing
33440,2733,QR,780.0,household
33441,2733,EF,1545.0,other
33442,2734,YZ,883.0,household
33443,2734,UV,3310.0,other
33444,2734,UV,1293.0,insurance
33447,2736,ST,4604.0,household
33448,2737,WX,4456.0,household
33449,2738,CD,7762.0,household
33450,2738,YZ,1152.0,other
33451,2739,WX,414.0,household
33452,2739,AB,4173.0,other
33453,2742,KL,128.0,household
33454,2742,ST,4878.0,other
33455,2743,ST,3330.0,household
33456,2743,GH,2811.0,other
33457,2743,QR,1870.0,insurance
33458,2744,ST,14384.0,household
33459,2745,AB,1076.0,household
33460,2745,UV,3461.0,other
33461,2745,KL,1465.0,insurance
33462,2745,GH,3525.0,other
33463,2746,QR,2404.0,household
33464,2747,IJ,3826.0,household
33466,2749,QR,14520.0,household
33467,2750,UV,1750.0,household
33468,2750,YZ,2229.0,other
33469,2751,MN,826.0,household
33470,2751,WX,2957.0,other
33471,2753,GH,2768.0,loan_repayment
33472,2753,MN,6869.0,household
33473,2754,WX,6985.3,loan_repayment
33474,2754,MN,2882.0,household
33475,2754,QR,226.0,other
33476,2755,MN,504.0,household
33477,2755,AB,3263.0,household
33478,2756,YZ,8702.0,household
33479,2757,QR,2077.0,household
33480,2758,QR,4692.0,household
33481,2759,MN,12692.0,household
33482,2760,OP,5369.0,household
33483,2760,IJ,4476.0,other
33484,2761,IJ,6238.0,household
33485,2762,EF,4641.0,loan_repayment
33486,2762,UV,6892.0,household
33487,2762,CD,733.0,other
33488,2763,MN,4191.2,leasing
33489,2763,AB,9480.0,household
33490,2764,ST,1024.0,household
33491,2764,ST,2382.0,other
33492,2765,CD,5254.0,household
33493,2766,QR,3498.0,household
33494,2767,UV,4664.0,household
33495,2767,OP,1333.0,other
33496,2767,GH,1275.0,insurance
33497,2768,MN,2155.0,household
33501,2770,YZ,494.0,household
33502,2770,OP,1582.0,other
33503,2770,GH,494.0,insurance
33504,2771,IJ,7288.0,household
33505,2771,IJ,1479.0,leasing
33506,2772,ST,7594.0,household
33507,2773,WX,3354.0,household
33508,2773,UV,154.0,other
33509,2773,WX,36.0,insurance
33510,2773,IJ,59.0,other
33511,2774,WX,3628.0,household
33512,2775,EF,3455.5,leasing
33513,2775,AB,8691.0,household
33514,2776,QR,1647.0,household
33515,2778,OP,192.0,household
33516,2778,YZ,5821.0,other
33517,2779,UV,8262.0,household
33518,2779,QR,34.0,other
33519,2779,YZ,10.0,insurance
33520,2779,ST,5.0,other
33521,2782,IJ,2602.8,leasing
33522,2784,MN,3307.0,household
33526,2787,QR,8356.0,household
33527,2788,OP,3803.0,household
33528,2789,WX,2965.0,household
33529,2789,YZ,229.0,other
33530,2789,WX,762.0,insurance
33531,2790,WX,8862.0,household
33532,2791,GH,3215.0,household
33533,2792,QR,2327.0,household
33534,2793,EF,2301.0,household
33535,2795,AB,1722.0,household
33536,2795,EF,6366.0,other
33537,2795,WX,1869.0,insurance
33538,2796,ST,3381.0,household
33539,2796,MN,5291.0,other
33540,2798,WX,6094.0,household
33541,2799,GH,1043.0,household
33542,2799,WX,4870.0,other
33543,2799,CD,2493.0,insurance
33544,2800,OP,8740.0,household
33545,2801,OP,3524.0,household
33546,2802,ST,2412.0,household
33547,2803,KL,1904.0,leasing
33548,2805,IJ,2017.0,household
33549,2806,MN,5068.0,household
33550,2809,OP,1764.0,household
33551,2809,ST,6339.0,other
33552,2810,ST,392.0,household
33553,2810,WX,5828.0,other
33554,2810,WX,977.0,insurance
33555,2810,IJ,411.0,other
33556,2811,EF,1980.9,leasing
33557,2811,WX,14584.0,household
33558,2812,MN,8211.0,household
33559,2813,OP,798.0,household
33560,2813,GH,4789.0,other
33561,2813,AB,227.0,insurance
33562,2813,OP,957.0,other
33563,2814,QR,2627.0,household
33567,2816,IJ,3933.0,household
33568,2816,KL,644.0,other
33569,2818,KL,1194.0,leasing
33570,2818,OP,8947.0,household
33571,2819,AB,8713.0,household
33572,2819,OP,748.0,other
33573,2820,WX,1645.0,household
33574,2820,KL,1322.0,household
33575,2821,EF,3933.0,household
33576,2821,YZ,2122.0,other
33580,2823,GH,2210.0,household
33581,2824,EF,7289.0,household
33582,2824,YZ,841.0,loan_repayment
33583,2825,OP,5284.0,household
33584,2826,EF,5240.0,household
33585,2827,UV,1756.0,leasing
33591,2830,AB,6981.0,household
33592,2830,CD,2150.0,other
33593,2831,MN,3586.0,household
33594,2831,IJ,793.0,other
33595,2831,IJ,363.0,insurance
33596,2831,GH,414.0,other
33597,2832,WX,2122.0,household
33598,2833,CD,2970.0,household
33599,2834,OP,2515.0,household
33600,2834,GH,1907.0,other
33601,2834,MN,431.0,insurance
33602,2834,WX,2726.0,other
33603,2836,CD,9472.0,household
33604,2838,KL,2802.0,leasing
33605,2838,YZ,1948.0,household
33606,2838,IJ,1370.0,other
33607,2839,CD,3157.0,household
33608,2839,KL,4885.0,other
33609,2839,MN,369.0,insurance
33610,2839,CD,166.0,other
33611,2840,QR,3557.0,leasing
33612,2840,EF,11282.0,household
33613,2841,AB,3536.0,household
33614,2842,MN,358.0,household
33615,2842,UV,930.0,other
33616,2842,AB,862.0,insurance
33617,2843,KL,7746.0,household
33618,2845,EF,6559.0,household
33619,2846,GH,2457.0,household
33620,2847,QR,5185.0,household
33625,2849,UV,2704.0,household
33626,2850,QR,2038.0,household
33627,2853,UV,2472.0,household
33628,2854,UV,4186.0,household
33629,2855,ST,1589.0,household
33630,2856,YZ,6599.0,household
33631,2857,WX,6317.0,household
33632,2858,UV,5333.0,household
33633,2858,YZ,786.0,other
33634,2858,YZ,500.0,leasing
33635,2861,GH,2613.0,household
33636,2862,AB,1371.0,household
33637,2862,CD,5728.0,other
33638,2863,YZ,945.0,household
33639,2863,QR,5223.0,other
33640,2864,GH,890.0,household
33641,2864,KL,413.0,other
33642,2864,WX,6308.0,insurance
33643,2865,QR,3482.0,household
33644,2865,OP,8.0,other
33645,2865,ST,2.0,insurance
33646,2865,OP,1.0,other
33647,2866,EF,5711.0,household
33648,2867,EF,7523.0,household
33649,2868,IJ,3306.0,household
33650,2869,UV,2562.0,household
33651,2870,WX,5851.0,household
33652,2871,ST,3829.0,household
33653,2872,CD,4040.0,household
33654,2872,ST,4059.0,other
33655,2872,EF,4472.0,loan_repayment
33656,2873,WX,3615.0,household
33657,2873,EF,2925.0,other
33658,2873,EF,761.0,insurance
33659,2873,OP,693.0,other
33660,2874,EF,2066.0,household
33661,2876,IJ,5231.0,household
33662,2877,OP,5305.0,household
33663,2878,IJ,3192.0,household
33664,2879,WX,7193.0,household
33665,2880,AB,7501.0,household
33666,2881,YZ,4639.0,household
33667,2882,MN,4441.0,leasing
33668,2882,WX,8002.0,household
33669,2883,IJ,2497.0,household
33670,2884,UV,3854.0,household
33671,2885,IJ,7905.0,household
33672,2886,ST,3472.0,household
33673,2887,KL,5645.0,household
33674,2888,CD,305.0,household
33675,2888,MN,2087.0,household
33676,2889,UV,3292.0,leasing
33677,2889,OP,5038.0,household
33678,2890,AB,2661.0,household
33679,2890,ST,2992.0,other
33680,2891,QR,4614.0,household
33681,2891,ST,4928.0,other
33682,2891,AB,1756.0,leasing
33683,2893,QR,1503.0,household
33684,2893,GH,751.0,other
33685,2894,CD,3735.8,leasing
33686,2895,CD,5598.0,household
33687,2896,OP,1852.0,household
33688,2896,WX,295.0,other
33689,2897,UV,5751.0,household
33690,2898,CD,6655.0,household
33691,2899,GH,7503.0,household
33692,2901,MN,4936.0,household
33693,2902,QR,825.0,household
33694,2902,ST,5465.0,other
33695,2903,AB,7826.0,household
33696,2906,IJ,2454.0,household
33697,2906,QR,6863.0,other
33698,2906,EF,341.0,insurance
33699,2907,KL,3983.0,household
33700,2908,YZ,3207.0,household
33701,2909,KL,7036.0,household
33702,2910,UV,7291.3,loan_repayment
33703,2910,UV,6778.0,household
33704,2910,OP,7656.0,other
33705,2911,YZ,617.0,household
33706,2911,CD,4389.0,other
33707,2911,UV,2572.0,insurance
33708,2911,KL,1051.0,leasing
33709,2912,GH,6336.0,loan_repayment
33710,2913,OP,499.0,household
33711,2913,GH,2481.0,household
33712,2914,WX,1822.0,household
33713,2914,YZ,3367.0,other
33714,2916,YZ,2096.0,household
33715,2916,YZ,635.0,other
33716,2916,YZ,3630.0,insurance
33717,2916,WX,2.0,other
33718,2917,KL,6157.0,household
33719,2918,QR,7997.2,loan_repayment
33720,2918,AB,10487.0,household
33721,2919,ST,7331.0,household
33722,2920,EF,5493.0,household
33723,2921,YZ,6797.0,household
33724,2923,GH,2786.0,household
33725,2925,QR,4297.0,household
33726,2926,WX,1348.0,household
33727,2926,WX,1093.0,other
33728,2926,GH,868.0,insurance
33729,2926,UV,699.0,other
33730,2927,YZ,2025.0,leasing
33731,2928,UV,3566.0,household
33732,2929,KL,3658.3,leasing
33733,2929,ST,226.0,household
33734,2929,QR,11789.0,other
33735,2930,UV,12032.0,household
33736,2931,QR,2884.0,household
33737,2932,IJ,3658.3,leasing
33738,2932,QR,4920.0,household
33739,2932,KL,26.0,other
33740,2932,UV,4.0,insurance
33741,2932,QR,7.0,other
33742,2933,YZ,4542.0,loan_repayment
33743,2933,MN,5907.0,household
33744,2935,UV,2100.0,household
33745,2936,GH,4247.0,household
33746,2936,OP,8400.0,loan_repayment
33747,2937,IJ,3230.0,household
33748,2938,ST,3658.3,leasing
33749,2938,MN,1996.0,household
33750,2938,AB,2288.0,other
33751,2938,KL,6758.0,insurance
33752,2939,GH,2882.0,household
33753,2940,ST,7156.0,household
33756,2942,QR,2451.0,household
33757,2942,UV,1072.0,other
33760,2944,QR,2984.0,household
33761,2944,MN,615.0,other
33762,2945,AB,1854.0,household
33763,2946,WX,2672.0,household
33764,2947,QR,2228.0,household
33767,2949,UV,783.0,household
33768,2949,QR,1268.0,household
33769,2950,QR,8653.0,household
33770,2951,YZ,743.0,household
33771,2951,QR,1810.0,other
33772,2951,QR,462.0,insurance
33773,2952,YZ,1629.0,household
33774,2952,QR,750.0,household
33775,2953,MN,580.0,household
33776,2953,UV,2848.0,other
33777,2953,KL,1515.0,leasing
33778,2954,WX,8306.0,household
33779,2955,QR,3386.0,household
33780,2956,MN,9042.0,household
33781,2957,UV,4640.0,household
33782,2958,EF,3261.0,household
33783,2960,WX,8884.0,household
33784,2961,AB,606.0,household
33785,2961,AB,1055.0,household
33786,2962,YZ,2604.5,loan_repayment
33787,2963,IJ,5101.0,household
33788,2964,QR,2306.0,household
33789,2965,MN,2648.0,household
33790,2966,EF,4560.0,household
33791,2967,QR,2666.0,household
33792,2967,YZ,1042.0,other
33793,2967,KL,4489.0,insurance
33794,2968,AB,1394.0,household
33795,2968,YZ,2284.0,other
33796,2971,IJ,3554.8,leasing
33797,2972,QR,3554.8,leasing
33798,2973,IJ,4373.0,household
33799,2973,CD,212.0,other
33800,2974,MN,1546.0,household
33807,2976,IJ,8473.0,household
33808,2977,UV,1727.0,leasing
33809,2977,IJ,3055.0,household
33810,2978,MN,3212.0,household
33811,2979,QR,3494.0,household
33812,2980,GH,3316.0,household
33813,2981,CD,2022.0,household
33814,2982,AB,3438.0,loan_repayment
33815,2982,KL,8143.0,household
33816,2982,EF,164.0,other
33817,2982,OP,226.0,insurance
33818,2982,ST,23.0,other
33823,2985,YZ,2113.0,household
33824,2986,MN,3301.0,household
33825,2986,CD,1390.0,other
33826,2986,WX,1033.0,loan_repayment
33827,2987,QR,5569.0,household
33828,2988,IJ,7384.0,loan_repayment
33829,2989,QR,3395.0,household
33830,2990,KL,22.0,household
33831,2990,GH,2704.0,other
33832,2991,EF,9220.0,household
33833,2991,CD,121.0,other
33834,2991,MN,7.0,insurance
33835,2991,IJ,107.0,other
33836,2992,OP,5396.0,household
33837,2994,WX,3217.0,household
33838,2994,WX,1354.0,loan_repayment
33840,2996,ST,7282.0,household
33841,2996,WX,15.0,other
33842,2996,MN,99.0,insurance
33843,2996,EF,402.0,other
33844,2997,MN,1978.0,household
33845,2998,OP,3170.0,household
33846,2998,MN,28.0,other
33847,2998,EF,3.0,insurance
33848,2999,KL,2806.0,household
33851,3004,YZ,1522.0,household
33852,3004,GH,1572.0,household
33853,3005,CD,8125.3,loan_repayment
33854,3005,IJ,6883.0,household
33855,3005,AB,7696.0,other
33856,3006,YZ,3783.0,household
33857,3007,CD,983.0,household
33858,3007,KL,1405.0,other
33859,3007,UV,5596.0,insurance
33860,3007,ST,997.0,other
33861,3008,QR,2120.0,household
33862,3009,OP,2739.0,household
33863,3011,GH,2042.0,household
33864,3011,WX,138.0,other
33865,3012,YZ,2601.0,household
33866,3013,YZ,3064.0,household
33867,3014,OP,4187.0,leasing
33868,3015,WX,18.0,household
33869,3015,WX,2130.0,other
33870,3016,AB,8517.0,household
33871,3017,QR,3019.0,household
33872,3017,AB,879.0,other
33873,3017,GH,1173.0,insurance
33874,3017,MN,1877.0,other
33875,3021,AB,3241.8,loan_repayment
33876,3022,GH,3170.0,household
33877,3023,OP,2213.0,household
33878,3024,OP,611.0,household
33879,3024,EF,1650.0,household
33880,3025,EF,3354.0,household
33881,3026,OP,8024.0,household
33882,3027,MN,2631.0,household
33883,3028,ST,2200.0,household
33884,3029,ST,1514.0,household
33885,3030,GH,293.0,household
33886,3030,AB,1795.0,other
33887,3031,KL,2789.0,household
33888,3032,OP,2858.0,household
33889,3033,YZ,605.0,household
33890,3033,OP,192.0,other
33891,3033,UV,1137.0,insurance
33895,3035,KL,7524.0,household
33896,3035,OP,4919.0,other
33897,3037,KL,7718.7,loan_repayment
33899,3039,YZ,5035.0,household
33900,3039,YZ,1233.0,other
33901,3040,ST,2202.0,household
33902,3041,KL,130.0,household
33903,3041,EF,1827.0,other
33904,3041,MN,743.0,insurance
33905,3042,UV,2884.0,household
33906,3042,WX,3459.0,other
33907,3043,QR,2768.0,household
33908,3044,MN,2756.0,household
33909,3045,WX,2366.0,household
33910,3046,IJ,1889.0,household
33911,3046,MN,613.0,other
33912,3047,IJ,2316.0,household
33913,3048,UV,4631.2,leasing
33914,3049,OP,1961.0,household
33915,3050,AB,6907.5,loan_repayment
33916,3050,AB,9716.0,household
33917,3050,AB,119.0,other
33918,3050,CD,41.0,insurance
33919,3051,WX,4104.0,household
33920,3051,GH,184.0,other
33921,3051,WX,623.0,insurance
33922,3052,MN,4144.5,leasing
33923,3052,MN,6175.0,household
33924,3053,OP,3790.0,household
33925,3053,KL,3675.0,other
33928,3055,KL,1279.0,household
33929,3055,WX,1140.0,household
33930,3056,AB,868.0,household
33931,3056,ST,2033.0,household
33932,3057,WX,4646.0,household
33933,3059,AB,1433.0,household
33934,3059,IJ,1758.0,other
33935,3059,QR,529.0,insurance
33936,3060,IJ,3960.0,household
33937,3061,WX,1978.0,household
33938,3062,AB,2638.0,household
33939,3063,YZ,2330.0,household
33940,3064,IJ,1455.0,household
33941,3064,EF,4714.0,other
33942,3064,ST,1285.0,loan_repayment
33945,3066,CD,3241.0,household
33946,3067,EF,2604.0,household
33947,3067,AB,1330.0,other
33948,3068,YZ,3878.0,household
33949,3069,ST,6704.0,household
33950,3070,UV,3374.0,household
33951,3071,MN,5122.0,household
33952,3071,ST,4268.0,other
33953,3072,WX,5268.0,household
33958,3075,KL,1523.0,household
33959,3076,WX,2715.0,household
33960,3077,OP,3698.0,household
33961,3078,KL,2232.0,household
33962,3079,IJ,234.0,household
33963,3079,WX,2065.0,other
33964,3080,UV,3359.0,household
33967,3082,OP,7496.0,household
33968,3084,MN,7042.0,loan_repayment
33970,3085,OP,5723.0,household
33971,3085,MN,907.0,other
33972,3086,GH,5022.0,household
33973,3087,WX,845.0,household
33974,3087,MN,395.0,other
33975,3087,GH,693.0,insurance
33976,3088,IJ,5866.0,household
33977,3090,UV,4225.2,leasing
33978,3090,GH,6829.0,household
33979,3090,YZ,722.0,other
33980,3090,AB,640.0,insurance
33981,3091,GH,4922.0,household
33982,3091,QR,3387.0,other
33983,3092,EF,2311.0,household
33984,3093,CD,4238.0,household
33985,3094,MN,5421.0,household
33986,3094,WX,10.0,other
33987,3094,IJ,21.0,insurance
33988,3094,IJ,17.0,other
33994,3096,CD,6446.0,household
33995,3096,KL,65.0,other
33996,3096,EF,8.0,insurance
33997,3096,KL,1619.0,other
33998,3097,EF,403.0,household
33999,3097,ST,2119.0,other
34000,3098,WX,4605.0,household
34001,3099,OP,3205.0,household
34002,3100,AB,222.0,household
34003,3100,CD,6275.0,other
34004,3101,EF,1938.0,household
34005,3102,ST,6722.0,household
34006,3103,GH,9388.0,household
34007,3103,EF,776.0,other
34008,3103,AB,4244.0,insurance
34009,3104,OP,2004.0,household
34010,3105,ST,2145.0,household
34011,3107,EF,2642.0,household
34012,3108,UV,1560.0,household
34013,3108,UV,482.0,other
34014,3111,EF,3641.0,household
34015,3112,IJ,2567.3,loan_repayment
34016,3112,OP,1468.0,household
34017,3112,KL,1584.0,other
34018,3113,CD,8001.0,household
34019,3113,WX,4043.0,other
34020,3113,ST,367.0,insurance
34021,3113,GH,355.0,other
34022,3115,UV,5353.3,loan_repayment
34023,3115,IJ,14723.0,household
34024,3116,CD,9037.0,household
34025,3117,OP,3570.0,household
34026,3118,GH,8886.0,household
34027,3119,AB,1144.0,household
34028,3119,MN,84.0,other
34029,3119,MN,884.0,insurance
34030,3120,CD,2904.0,household
34031,3121,CD,2902.0,household
34032,3122,AB,4944.0,household
34035,3124,KL,3649.0,household
34036,3124,ST,811.0,other
34037,3124,ST,876.0,insurance
34038,3125,CD,4245.0,household
34039,3126,QR,3992.0,household
34040,3127,YZ,7334.0,household
34041,3129,GH,2707.0,household
34042,3130,ST,1546.0,household
34043,3131,GH,9131.0,household
34044,3132,ST,3520.0,household
34045,3132,OP,855.0,other
34046,3132,OP,13.0,insurance
34047,3133,IJ,3191.0,household
34048,3133,ST,6327.0,other
34049,3134,WX,3268.0,household
34050,3135,CD,6814.0,household
34051,3136,CD,2655.0,household
34052,3136,UV,3489.0,other
34053,3137,ST,4226.5,loan_repayment
34054,3140,OP,2376.0,household
34055,3140,WX,1978.0,other
34056,3141,OP,1087.0,leasing
34057,3141,QR,9905.0,household
34058,3142,MN,1974.0,household
34059,3142,WX,1254.0,household
34060,3143,IJ,4474.0,household
34061,3143,OP,5454.0,loan_repayment
34062,3144,KL,3786.0,household
34063,3145,ST,2527.0,household
34064,3146,OP,2122.0,household
34065,3147,ST,7729.0,household
34066,3147,MN,28.0,other
34067,3147,CD,33.0,insurance
34068,3147,AB,37.0,other
34069,3148,ST,2478.0,household
34072,3151,IJ,363.0,household
34073,3151,EF,4081.0,other
34074,3152,KL,6339.0,household
34075,3153,WX,3175.0,household
34076,3153,OP,2001.0,other
34077,3154,WX,3609.0,household
34078,3154,KL,515.0,other
34079,3155,KL,8704.0,household
34080,3156,KL,1087.0,leasing
34081,3157,EF,694.0,household
34082,3157,YZ,1740.0,household
34083,3158,UV,2100.0,household
34087,3160,IJ,8364.0,household
34088,3161,CD,2501.0,loan_repayment
34089,3162,IJ,9350.0,household
34090,3163,WX,2221.7,leasing
34091,3163,MN,2350.0,household
34092,3163,OP,6514.0,other
34093,3163,UV,1620.0,insurance
34094,3164,UV,2971.0,household
34095,3164,WX,433.0,household
34098,3166,UV,3702.8,loan_repayment
34099,3168,YZ,3292.0,household
34100,3169,YZ,836.0,household
34101,3169,OP,6674.0,other
34102,3170,CD,4187.0,household
34103,3171,QR,3102.0,household
34104,3172,ST,1899.0,household
34105,3172,EF,43.0,other
34106,3173,EF,2189.0,household
34107,3173,IJ,634.0,household
34108,3174,IJ,2859.0,household
34109,3175,AB,3280.0,household
34110,3176,WX,2464.0,household
34111,3178,EF,1665.0,household
34112,3178,OP,287.0,other
34113,3179,ST,2556.0,household
34114,3179,WX,1015.0,other
34115,3180,EF,1210.0,household
34116,3180,CD,1954.0,other
34117,3182,AB,6455.0,household
34118,3183,QR,3024.0,household
34119,3184,OP,3410.0,household
34120,3185,AB,6404.0,household
34121,3185,ST,2041.0,other
34122,3186,KL,7456.0,household
34123,3188,AB,7623.0,household
34124,3189,WX,3702.8,loan_repayment
34125,3190,ST,3085.0,household
34126,3191,ST,2774.0,household
34127,3191,ST,3606.0,other
34128,3192,GH,1272.0,household
34129,3192,AB,2518.0,other
34130,3193,GH,9641.0,household
34131,3194,OP,7584.0,household
34132,3195,KL,1599.0,household
34133,3195,QR,1253.0,other
34134,3195,WX,218.0,insurance
34135,3196,QR,2389.0,household
34136,3197,QR,2008.0,household
34140,3199,QR,1571.0,household
34141,3199,WX,2164.0,other
34142,3201,YZ,3352.0,household
34143,3201,AB,2898.0,other
34144,3202,ST,1613.0,household
34145,3202,CD,908.0,household
34146,3203,YZ,2111.0,household
34147,3205,WX,1564.0,household
34148,3206,EF,2434.0,household
34149,3206,YZ,677.0,other
34152,3209,QR,5659.0,household
34153,3210,WX,7388.0,household
34154,3211,WX,2012.0,household
34155,3212,KL,2112.0,household
34156,3212,MN,68.0,other
34157,3212,YZ,95.0,insurance
34158,3212,QR,47.0,other
34159,3213,AB,1483.0,household
34160,3213,GH,562.0,other
34161,3214,EF,2679.0,household
34164,3216,YZ,1951.3,leasing
34165,3216,QR,2712.0,household
34166,3216,KL,6634.0,other
34167,3217,MN,1951.3,leasing
34168,3217,GH,8196.0,household
34169,3218,AB,1449.0,household
34170,3218,UV,667.0,other
34171,3219,CD,8811.0,household
34172,3220,KL,1882.0,leasing
34173,3221,ST,148.0,household
34174,3221,OP,2038.0,household
34175,3222,UV,674.0,household
34176,3222,ST,859.0,other
34177,3222,EF,590.0,insurance
34178,3224,IJ,2583.0,household
34179,3224,WX,1375.0,household
34180,3225,CD,8030.0,household
34181,3226,CD,450.0,household
34182,3226,UV,2348.0,other
34183,3227,IJ,2743.0,household
34184,3227,IJ,1662.0,other
34185,3227,KL,4742.0,insurance
34186,3227,UV,1721.0,leasing
34187,3228,CD,3847.0,household
34188,3229,QR,3252.2,loan_repayment
34189,3229,YZ,6828.0,household
34190,3229,WX,6411.0,other
34191,3230,YZ,2144.0,loan_repayment
34192,3231,UV,2636.0,household
34193,3232,IJ,2413.0,household
34194,3233,GH,9044.0,household
34195,3234,UV,2659.0,household
34196,3235,EF,6149.0,household
34197,3236,GH,350.0,household
34198,3236,KL,2038.0,household
34199,3237,QR,9095.0,household
34200,3238,EF,8109.0,household
34201,3238,ST,793.0,other
34202,3239,QR,8838.0,household
34203,3240,WX,1951.3,leasing
34204,3240,UV,5110.0,household
34205,3240,YZ,21.0,other
34206,3240,OP,298.0,insurance
34207,3241,YZ,3034.0,household
34208,3242,MN,5838.0,household
34209,3242,UV,1551.0,loan_repayment
34210,3243,OP,3886.0,household
34211,3244,AB,1858.0,household
34212,3244,EF,219.0,other
34213,3245,WX,3878.0,household
34214,3246,OP,4621.0,household
34215,3247,MN,974.0,household
34216,3247,IJ,3032.0,other
34217,3248,AB,2793.0,household
34218,3248,GH,466.0,household
34219,3249,YZ,8197.0,household
34220,3249,GH,5677.0,loan_repayment
34221,3250,QR,1880.0,household
34222,3251,GH,2021.0,household
34223,3252,YZ,1406.0,household
34224,3252,IJ,483.0,other
34225,3252,WX,155.0,insurance
34226,3253,GH,1951.3,leasing
34227,3254,QR,5119.0,household
34228,3256,EF,2232.0,household
34229,3256,WX,4490.0,other
34231,3258,IJ,1646.0,leasing
34232,3258,IJ,8565.0,household
34233,3258,GH,213.0,other
34234,3259,OP,912.0,household
34235,3259,YZ,1350.0,other
34236,3260,AB,8462.0,household
34237,3260,MN,40.0,other
34238,3261,WX,3647.0,household
34239,3261,OP,2197.0,other
34240,3262,IJ,8340.0,household
34241,3264,MN,1886.0,household
34243,3266,UV,119.0,household
34244,3266,GH,1528.0,household
34245,3267,QR,6403.0,household
34246,3268,OP,1395.0,household
34247,3268,WX,634.0,other
34248,3268,GH,251.0,insurance
34249,3269,GH,1951.3,leasing
34250,3270,ST,7806.0,household
34251,3271,CD,2527.0,household
34252,3272,CD,466.0,household
34253,3272,QR,1531.0,other
34254,3272,WX,1126.0,insurance
34255,3272,EF,342.0,other
34256,3273,GH,7876.0,loan_repayment
34257,3274,IJ,5775.0,household
34258,3275,GH,120.0,household
34259,3275,CD,3056.0,other
34260,3276,IJ,1722.0,household
34261,3276,CD,929.0,other
34262,3276,WX,1017.0,insurance
34263,3279,MN,11462.0,household
34264,3280,WX,1726.0,household
34265,3280,QR,2671.0,other
34266,3281,CD,3594.0,household
34267,3283,KL,8720.0,household
34268,3284,MN,4872.0,household
34269,3285,UV,2100.0,household
34270,3286,KL,11785.0,household
34271,3287,AB,6968.0,household
34272,3288,EF,2471.0,household
34273,3289,ST,3419.0,household
34274,3289,GH,3841.0,other
34275,3291,YZ,2505.0,household
34276,3292,QR,3170.0,household
34277,3293,AB,7668.7,loan_repayment
34278,3293,MN,3231.0,household
34279,3293,EF,567.0,other
34280,3293,WX,58.0,insurance
34281,3293,CD,221.0,other
34282,3294,QR,6369.0,household
34287,3296,CD,5091.0,household
34288,3296,GH,9248.0,other
34289,3299,QR,4676.0,loan_repayment
34290,3300,UV,7786.5,loan_repayment
34291,3300,UV,6632.0,household
34292,3301,AB,4956.0,household
34293,3302,YZ,1376.0,household
34294,3302,UV,572.0,other
34295,3302,GH,57.0,insurance
34296,3304,OP,4660.0,household
34297,3305,EF,22.0,household
34298,3305,YZ,2858.0,household
34299,3306,KL,5454.0,household
34300,3306,EF,59.0,other
34301,3309,OP,2430.0,household
34302,3309,EF,2991.0,other
34303,3309,IJ,731.0,insurance
34304,3310,WX,3277.0,household
34305,3311,QR,4671.9,leasing
34306,3311,IJ,4035.0,household
34307,3311,QR,666.0,other
34308,3311,OP,3455.0,insurance
34309,3312,MN,813.0,household
34310,3312,MN,789.0,other
34311,3312,AB,330.0,insurance
34312,3312,MN,32.0,other
34317,3316,IJ,9655.0,household
34318,3317,KL,2166.0,household
34319,3318,EF,667.0,household
34320,3318,EF,771.0,other
34321,3318,GH,511.0,insurance
34322,3319,AB,66.0,household
34323,3319,UV,2154.0,other
34324,3320,AB,2075.0,household
34325,3322,OP,3421.0,household
34326,3323,UV,3498.0,household
34327,3324,ST,2471.0,household
34328,3324,OP,2146.0,other
34329,3327,AB,1923.0,household
34330,3327,EF,4270.0,other
34331,3328,AB,3300.0,household
34332,3329,GH,9249.0,household
34333,3329,YZ,1604.0,loan_repayment
34334,3330,IJ,3651.7,leasing
34335,3330,AB,5713.0,household
34336,3331,EF,3832.0,household
34337,3331,YZ,1436.0,other
34338,3335,IJ,2170.0,household
34339,3336,IJ,2974.0,household
34340,3337,KL,5743.0,household
34341,3338,QR,7531.0,household
34342,3339,YZ,3354.0,household
34346,3342,EF,8335.0,household
34347,3343,MN,2212.0,household
34348,3343,QR,7661.0,other
34349,3344,KL,8537.0,household
34351,3346,IJ,2276.0,household
34352,3346,WX,4930.0,other
34353,3347,ST,2624.0,household
34354,3348,GH,5787.0,household
34355,3349,MN,7601.0,household
34356,3350,QR,3661.0,household
34357,3351,WX,2700.0,household
34358,3352,IJ,2360.0,household
34359,3352,YZ,578.0,other
34360,3353,AB,6086.2,loan_repayment
34361,3353,WX,10616.0,household
34362,3353,CD,58.0,other
34363,3353,UV,414.0,insurance
34364,3354,IJ,489.0,household
34365,3354,WX,2704.0,other
34366,3354,KL,1540.0,insurance
34367,3354,GH,415.0,loan_repayment
34368,3355,OP,2575.0,household
34372,3357,UV,1841.0,household
34373,3358,MN,1740.0,household
34374,3358,QR,446.0,other
34375,3359,MN,2038.0,household
34376,3360,OP,9194.0,household
34377,3361,EF,6154.0,household
34378,3362,UV,7294.0,household
34379,3363,OP,2463.0,household
34380,3364,EF,3651.7,leasing
34381,3364,ST,5491.0,household
34382,3364,MN,699.0,other
34383,3365,YZ,2298.0,household
34384,3365,WX,677.0,household
34385,3366,UV,3964.0,household
34386,3366,GH,1608.0,other
34387,3367,KL,904.0,household
34388,3367,CD,2119.0,other
34389,3368,UV,4389.0,household
34390,3368,CD,3343.0,other
34391,3368,UV,176.0,insurance
34392,3369,QR,26.0,household
34393,3369,CD,3007.0,other
34394,3370,KL,2385.5,leasing
34395,3371,ST,11549.0,household
34396,3372,OP,9838.0,household
34397,3373,YZ,5776.0,household
34398,3373,EF,3435.0,other
34401,3376,MN,6794.0,household
34402,3377,QR,3240.0,household
34403,3378,KL,6387.0,household
34404,3380,AB,4376.0,household
34405,3381,WX,9971.0,household
34406,3382,GH,3975.8,loan_repayment
34407,3384,GH,2935.0,household
34408,3385,UV,3454.0,household
34411,3389,IJ,4882.0,household
34412,3390,WX,3385.5,loan_repayment
34413,3390,IJ,850.0,household
34414,3390,IJ,2004.0,other
34415,3390,KL,105.0,insurance
34416,3390,KL,560.0,other
34417,3391,UV,813.0,household
34418,3391,WX,6082.0,other
34419,3391,EF,620.0,leasing
34420,3392,GH,6139.0,household
34421,3393,KL,7993.0,household
34422,3394,GH,191.0,household
34423,3394,WX,1698.0,household
34424,3395,OP,3712.0,household
34425,3397,UV,9400.0,household
34426,3398,CD,1990.0,household
34427,3399,ST,4748.0,household
34428,3399,OP,784.0,other
34429,3399,WX,261.0,insurance
34430,3399,OP,1753.0,other
34433,3401,OP,4247.0,household
34434,3402,CD,1197.0,leasing
34435,3402,CD,3656.0,household
34436,3402,WX,4324.0,other
34437,3403,QR,1995.0,loan_repayment
34438,3405,KL,7543.0,household
34439,3406,EF,2820.0,household
34440,3409,QR,3167.0,household
34441,3410,WX,3505.0,household
34442,3410,ST,169.0,insurance
34443,3410,AB,120.0,other
34444,3411,ST,6443.0,household
34445,3412,OP,670.0,household
34446,3412,CD,1033.0,household
34447,3413,ST,4359.0,household
34448,3413,IJ,242.0,other
34449,3413,WX,247.0,insurance
34450,3413,KL,139.0,other
34456,3415,QR,4178.0,household
34459,3418,ST,4318.0,loan_repayment
34460,3419,QR,4910.0,household
34461,3419,QR,532.0,other
34462,3419,OP,2456.0,insurance
34466,3421,AB,8640.0,household
34467,3422,CD,9212.0,household
34468,3423,UV,1110.0,household
34469,3423,GH,2685.0,other
34470,3424,ST,1379.0,leasing
34471,3424,OP,4979.0,household
34472,3424,AB,2264.0,other
34473,3424,MN,1463.0,insurance
34474,3425,CD,2646.0,household
34475,3426,MN,13088.0,household
34476,3426,CD,488.0,other
34477,3427,YZ,9843.0,household
34478,3429,UV,538.0,household
34479,3429,MN,1326.0,household
34480,3430,GH,2426.0,household
34481,3431,QR,8649.0,household
34482,3432,QR,2734.0,household
34483,3433,IJ,2303.0,household
34484,3434,ST,983.0,household
34485,3434,YZ,988.0,other
34486,3435,WX,3090.0,household
34487,3436,GH,2243.0,household
34488,3437,OP,478.0,household
34489,3437,WX,6761.0,other
34490,3438,KL,2857.0,household
34491,3439,EF,7541.0,household
34492,3440,GH,7623.0,household
34493,3440,UV,2066.0,other
34494,3440,MN,20.0,insurance
34495,3440,AB,5.0,other
34497,3442,GH,2230.0,household
34498,3443,KL,2755.0,household
34499,3446,UV,12659.0,household
34502,3448,AB,2860.7,loan_repayment
34503,3451,UV,7097.0,household
34504,3452,CD,3129.0,household
34505,3453,EF,7062.0,household
34506,3454,CD,3208.0,household
34507,3455,EF,5622.5,loan_repayment
34508,3456,YZ,1500.0,household
34509,3457,YZ,2796.0,household
34510,3458,QR,1153.0,household
34511,3458,KL,1525.0,household
34512,3460,IJ,2931.0,loan_repayment
34513,3462,GH,1491.0,household
34514,3462,KL,4743.0,other
34515,3463,QR,646.0,household
34516,3463,AB,5186.0,other
34517,3463,GH,2552.0,insurance
34518,3464,ST,2802.0,household
34519,3464,IJ,1852.0,other
34520,3465,EF,4543.0,household
34521,3466,KL,2499.0,household
34522,3466,MN,105.0,other
34523,3466,KL,742.0,insurance
34524,3467,YZ,2274.0,leasing
34525,3467,IJ,2899.0,household
34526,3467,IJ,618.0,other
34527,3467,MN,40.0,insurance
34528,3467,ST,5.0,other
34529,3468,QR,3907.0,household
34530,3468,QR,149.0,other
34531,3468,AB,1629.0,leasing
34532,3469,MN,2554.0,household
34533,3470,EF,2492.0,household
34534,3471,WX,5446.0,household
34535,3471,YZ,846.0,other
34536,3472,WX,9623.0,household
34537,3472,OP,138.0,other
34538,3472,YZ,227.0,insurance
34542,3474,QR,915.0,household
34543,3474,YZ,240.0,other
34544,3474,ST,1047.0,insurance
34547,3476,CD,860.0,household
34548,3476,YZ,5447.0,other
34549,3477,YZ,2132.0,household
34550,3478,QR,4906.0,household
34551,3479,QR,7650.0,household
34552,3479,UV,1506.0,other
34558,3482,OP,3026.0,household
34559,3483,ST,2173.0,household
34560,3484,IJ,6634.0,household
34561,3485,OP,399.0,household
34562,3485,GH,5428.0,other
34563,3486,EF,2084.0,household
34564,3487,IJ,324.0,household
34565,3487,QR,7951.0,other
34568,3489,YZ,3373.0,household
34569,3489,ST,1837.0,loan_repayment
34570,3491,YZ,1542.0,household
34571,3491,QR,776.0,other
34572,3491,AB,4953.0,insurance
34573,3492,ST,4485.0,household
34574,3492,AB,4962.0,other
34575,3493,WX,2277.0,household
34576,3494,KL,3599.0,household
34577,3495,UV,5079.0,household
34578,3497,QR,1611.0,household
34579,3497,KL,5650.0,other
34580,3497,KL,118.0,insurance
34581,3498,IJ,884.0,household
34582,3498,GH,2347.0,other
34585,3501,UV,7590.0,household
34586,3501,OP,2225.0,other
34587,3501,EF,7304.0,loan_repayment
34588,3502,GH,5258.0,household
34589,3504,QR,3360.0,household
34590,3505,KL,3823.0,household
34591,3506,MN,3562.0,household
34592,3506,GH,4084.0,other
34593,3507,WX,557.0,household
34594,3507,QR,2700.0,other
34595,3509,IJ,3027.0,household
34596,3511,WX,2313.0,household
34597,3512,QR,2063.0,loan_repayment
34598,3513,KL,4507.0,household
34599,3513,YZ,2185.0,other
34600,3514,QR,2266.0,household
34601,3515,WX,2563.0,household
34602,3518,EF,3438.0,household
34603,3522,IJ,2423.0,household
34604,3524,WX,3060.0,household
34605,3525,UV,3084.0,household
34606,3526,AB,4559.0,household
34607,3527,YZ,3414.0,household
34608,3528,WX,7655.0,household
34609,3530,KL,1977.0,household
34610,3531,OP,2868.0,household
34611,3533,EF,2127.0,household
34612,3534,UV,2189.0,household
34613,3534,GH,4075.0,other
34614,3535,CD,2131.0,household
34615,3536,AB,2589.0,household
34616,3537,KL,646.0,household
34617,3537,KL,3772.0,other
34618,3537,WX,50.0,insurance
34619,3537,ST,27.0,other
34620,3540,UV,2565.0,household
34621,3541,OP,1691.0,household
34622,3542,ST,2267.0,household
34623,3543,WX,2094.0,household
34624,3544,AB,10975.0,household
34625,3545,OP,7358.0,household
34626,3546,ST,1658.0,household
34627,3546,ST,4795.0,other
34628,3547,AB,2684.0,household
34629,3548,KL,3586.0,household
34630,3549,AB,3265.0,household
34631,3550,CD,5262.0,household
34632,3550,AB,936.0,other
34633,3550,QR,2564.0,insurance
34634,3551,QR,1769.0,household
34635,3551,EF,133.0,other
34636,3551,GH,290.0,insurance
34637,3552,GH,6694.0,household
34638,3552,OP,352.0,other
34639,3552,QR,602.0,insurance
34640,3555,MN,2054.8,leasing
34641,3555,AB,12578.0,household
34642,3556,AB,2913.8,loan_repayment
34643,3556,OP,4240.0,household
34644,3556,AB,984.0,other
34645,3557,QR,2262.0,household
34646,3558,YZ,1580.0,household
34647,3558,KL,152.0,other
34648,3558,GH,3231.0,insurance
34649,3559,ST,4418.0,household
34650,3560,UV,3350.0,household
34651,3561,AB,1789.0,household
34652,3562,MN,7290.5,loan_repayment
34653,3565,QR,492.0,household
34654,3565,QR,1494.0,other
34655,3565,AB,410.0,insurance
34656,3566,QR,294.0,household
34657,3566,MN,3276.0,other
34658,3566,KL,479.0,leasing
34659,3567,EF,4374.3,leasing
34660,3567,QR,1156.0,household
34661,3567,GH,6943.0,other
34662,3568,EF,2626.0,household
34663,3570,EF,3836.0,household
34664,3571,ST,3224.0,household
34665,3571,AB,222.0,other
34666,3572,GH,2964.0,household
34667,3574,WX,2328.0,household
34668,3575,IJ,5070.0,household
34669,3576,EF,1213.0,household
34670,3576,IJ,455.0,household
34671,3577,IJ,7964.0,household
34672,3578,KL,4051.0,household
34673,3579,IJ,3460.0,household
34674,3580,EF,3430.0,household
34675,3580,AB,335.0,other
34676,3581,EF,3663.0,household
34677,3581,IJ,2846.0,other
34678,3582,MN,1961.0,household
34679,3583,ST,3084.0,household
34680,3584,ST,3382.7,leasing
34681,3584,EF,12078.0,household
34682,3584,OP,98.0,other
34683,3585,CD,2862.0,household
34684,3587,KL,1108.0,household
34685,3587,QR,1059.0,other
34686,3588,OP,1563.0,household
34687,3589,KL,7843.0,household
34688,3590,ST,8939.0,household
34689,3591,IJ,4261.0,household
34690,3592,KL,3360.0,household
34691,3593,UV,4524.0,household
34692,3593,ST,986.0,other
34693,3594,MN,3483.0,household
34694,3595,CD,7868.0,household
34695,3597,EF,3382.7,leasing
34696,3597,EF,3134.0,household
34697,3598,MN,6435.0,household
34698,3599,GH,3257.0,household
34699,3600,OP,1537.0,household
34700,3601,EF,1794.0,household
34701,3603,UV,7883.0,household
34702,3604,ST,3893.0,household
34703,3605,AB,4410.0,household
34704,3605,MN,269.0,other
34705,3605,OP,803.0,insurance
34710,3608,QR,4486.0,loan_repayment
34711,3608,AB,3124.0,household
34712,3609,GH,2128.0,household
34713,3609,WX,4238.0,other
34714,3610,IJ,1502.0,household
34715,3610,MN,1133.0,household
34721,3612,UV,676.0,household
34722,3612,WX,2410.0,other
34723,3612,IJ,4262.0,insurance
34724,3612,KL,819.0,leasing
34725,3613,AB,4030.0,household
34726,3613,MN,2144.0,other
34727,3614,WX,3382.7,leasing
34728,3614,MN,1214.0,household
34729,3614,OP,1081.0,other
34730,3614,MN,2886.0,insurance
34731,3615,UV,3781.0,household
34732,3617,AB,57.0,household
34733,3617,AB,1797.0,other
34734,3617,GH,1389.0,insurance
34735,3618,KL,8812.0,household
34736,3618,CD,826.0,other
34740,3621,WX,5319.0,household
34741,3622,EF,9698.0,household
34742,3622,YZ,2286.0,other
34743,3623,OP,2490.0,household
34744,3623,YZ,105.0,other
34745,3624,GH,11953.0,household
34746,3625,CD,1544.0,household
34747,3625,YZ,467.0,household
34748,3626,ST,3068.0,household
34749,3626,CD,5156.0,other
34751,3628,WX,1791.0,household
34752,3628,CD,189.0,other
34753,3628,GH,1343.0,insurance
34754,3629,MN,2645.5,loan_repayment
34755,3629,CD,1894.0,household
34756,3629,QR,368.0,other
34757,3629,UV,8742.0,insurance
34763,3631,QR,3407.0,household
34764,3632,UV,2544.0,leasing
34765,3633,AB,7037.0,household
34766,3633,AB,799.0,other
34767,3634,GH,4851.1,leasing
34768,3635,KL,2045.0,household
34769,3635,MN,493.0,other
34770,3636,GH,40.0,household
34771,3636,IJ,1731.0,other
34772,3636,EF,4744.0,insurance
34773,3637,YZ,4877.0,household
34774,3637,ST,219.0,other
34775,3637,MN,1169.0,loan_repayment
34776,3638,IJ,14417.0,household
34777,3639,OP,3358.0,household
34778,3640,AB,2040.0,household
34779,3641,KL,2163.0,household
34783,3644,IJ,2304.0,household
34784,3645,UV,7021.0,household
34785,3645,AB,2651.0,other
34786,3646,AB,2855.0,household
34787,3646,IJ,3182.0,other
34788,3647,OP,5842.0,household
34789,3648,YZ,1812.0,household
34790,3648,ST,640.0,other
34791,3648,QR,17.0,insurance
34792,3649,WX,6468.0,household
34793,3649,ST,4.0,other
34794,3650,MN,7858.0,household
34795,3651,YZ,2728.0,household
34796,3652,GH,3005.0,household
34797,3653,IJ,4128.0,household
34798,3653,ST,1208.0,other
34799,3654,QR,6946.0,household
34800,3655,QR,2945.0,household
34801,3655,EF,2927.0,other
34802,3655,KL,1124.0,insurance
34803,3657,AB,1533.0,household
34804,3659,WX,1672.0,household
34805,3659,AB,2862.0,other
34806,3659,ST,2205.0,insurance
34807,3659,ST,955.0,other
34808,3661,OP,3310.0,household
34809,3663,OP,7862.0,household
34810,3664,GH,5658.0,loan_repayment
34811,3665,OP,3394.8,leasing
34812,3665,ST,4351.0,household
34813,3665,QR,2465.0,other
34816,3667,GH,2975.0,household
34817,3669,WX,2057.0,household
34818,3669,AB,1298.0,other
34819,3669,CD,2087.0,insurance
34820,3670,UV,2961.0,household
34821,3671,ST,2777.0,household
34822,3672,AB,2388.0,household
34823,3672,KL,2957.0,other
34824,3673,MN,1939.0,household
34825,3674,EF,1968.7,loan_repayment
34826,3674,EF,9503.0,household
34827,3675,YZ,7824.0,household
34828,3676,ST,3319.0,household
34829,3677,MN,2283.0,household
34831,3678,CD,5269.0,loan_repayment
34832,3679,CD,3869.0,household
34833,3679,OP,5148.0,other
34834,3679,KL,9268.0,loan_repayment
34835,3680,MN,1030.0,household
34836,3680,UV,2470.0,household
34837,3681,AB,7797.0,household
34838,3682,UV,2761.0,household
34839,3683,AB,3114.0,household
34840,3684,WX,3365.0,household
34842,3686,OP,2054.0,household
34843,3687,KL,5106.0,household
34844,3689,WX,4609.9,leasing
34845,3690,MN,4514.0,household
34846,3691,AB,3267.0,household
34847,3692,ST,3263.0,household
34848,3693,GH,8992.0,household
34849,3694,OP,4492.0,household
34850,3695,EF,8101.0,household
34851,3696,KL,3581.0,household
34852,3696,YZ,1133.0,leasing
34853,3697,GH,300.0,household
34854,3697,KL,5632.0,other
34855,3699,WX,7085.0,household
34856,3700,GH,5230.0,household
34857,3701,MN,2844.0,household
34858,3702,ST,9650.0,household
34859,3702,YZ,418.0,leasing
34860,3703,QR,1820.0,household
34861,3703,GH,192.0,other
34862,3704,YZ,3046.0,household
34863,3706,EF,4298.0,household
34865,3709,KL,5579.0,household
34866,3709,MN,1317.0,other
34867,3709,EF,255.0,insurance
34868,3709,EF,474.0,other
34869,3710,CD,4633.0,household
34870,3711,CD,7683.2,loan_repayment
34872,3712,CD,2499.0,household
34873,3714,WX,3217.0,household
34874,3714,AB,513.0,other
34875,3714,EF,77.0,insurance
34876,3714,IJ,426.0,other
34877,3717,MN,1558.2,leasing
34878,3717,MN,10727.0,household
34879,3718,WX,2107.0,household
34880,3719,QR,3197.0,household
34881,3720,UV,2957.0,household
34882,3721,WX,2128.0,household
34883,3721,AB,132.0,other
34884,3722,QR,8123.0,household
34885,3724,YZ,2597.0,loan_repayment
34886,3725,KL,7642.0,household
34887,3726,MN,6785.0,household
34888,3726,WX,2588.0,other
34889,3727,OP,6598.0,household
34890,3727,ST,836.0,other
34891,3727,QR,1030.0,insurance
34892,3729,OP,2941.0,household
34893,3730,OP,1944.0,household
34894,3731,QR,1974.0,household
34895,3732,ST,1668.0,household
34896,3733,YZ,11123.0,household
34897,3735,IJ,6302.0,household
34898,3735,GH,1173.0,other
34899,3736,EF,3500.0,household
34900,3737,CD,3805.0,household
34901,3737,CD,29.0,household
34902,3738,EF,5750.0,household
34906,3741,QR,4228.0,household
34907,3742,UV,2969.0,household
34908,3743,GH,5478.0,household
34909,3743,QR,757.0,insurance
34910,3743,OP,390.0,other
34911,3743,ST,885.0,leasing
34915,3745,ST,11469.0,household
34916,3745,UV,841.0,other
34917,3746,KL,4353.0,household
34918,3746,KL,556.0,other
34919,3746,YZ,1333.0,leasing
34920,3747,IJ,2389.0,household
34921,3747,IJ,1827.0,other
34922,3747,UV,1500.0,insurance
34923,3747,MN,6365.0,loan_repayment
34924,3748,QR,308.0,household
34925,3748,EF,1820.0,other
34926,3749,CD,3904.0,household
34927,3750,UV,7774.0,household
34928,3751,UV,110.0,household
34929,3751,YZ,3046.0,other
34930,3752,IJ,3218.0,household
34931,3752,YZ,1547.0,loan_repayment
34932,3753,IJ,1540.0,household
34933,3754,GH,2856.0,loan_repayment
34934,3754,YZ,3976.0,household
34935,3754,OP,1184.0,other
34936,3754,MN,913.0,insurance
34937,3754,UV,900.0,other
34938,3755,IJ,2956.1,leasing
34939,3755,YZ,13500.0,household
34940,3756,YZ,9023.0,household
34941,3757,KL,987.0,household
34942,3757,ST,1229.0,other
34943,3757,EF,803.0,insurance
34944,3757,OP,3933.0,other
34945,3758,YZ,4009.0,household
34946,3759,AB,1642.0,household
34947,3760,YZ,2947.8,leasing
34951,3763,AB,3232.0,household
34952,3763,IJ,3623.0,other
34953,3764,CD,2506.0,household
34954,3765,QR,617.0,household
34955,3765,QR,762.0,other
34956,3765,EF,691.0,insurance
34957,3766,CD,9546.0,household
34958,3767,ST,881.0,household
34959,3767,EF,3655.0,other
34960,3769,CD,2050.0,household
34961,3770,YZ,9060.0,household
34962,3771,IJ,1152.0,leasing
34963,3772,QR,7775.0,household
34964,3773,MN,3146.0,household
34965,3774,CD,5745.0,household
34966,3774,AB,2881.0,other
34967,3775,KL,2448.0,household
34968,3776,IJ,4739.0,household
34969,3776,ST,2261.0,other
34970,3777,QR,1039.0,household
34971,3777,AB,1007.0,other
34972,3777,YZ,102.0,insurance
34973,3778,CD,3035.0,household
34974,3778,WX,1515.0,leasing
34975,3779,CD,159.0,household
34976,3779,KL,853.0,other
34977,3779,ST,2969.0,insurance
34978,3780,YZ,370.0,household
34979,3780,AB,1241.0,household
34980,3781,GH,7701.0,household
34981,3782,UV,553.0,household
34982,3782,UV,2790.0,other
34983,3782,AB,10608.0,insurance
34984,3783,WX,3041.0,household
34985,3784,IJ,1583.0,household
34986,3784,GH,3360.0,other
34987,3785,UV,6502.0,household
34988,3787,EF,4407.0,household
34989,3787,ST,1953.0,leasing
34990,3789,QR,11244.0,household
34991,3791,WX,3682.0,household
34992,3791,YZ,3147.0,other
34993,3791,MN,1033.0,insurance
34994,3792,OP,3518.0,household
34995,3793,YZ,5706.0,household
34996,3794,KL,4536.0,household
34997,3795,WX,2419.0,household
34998,3795,CD,6679.0,other
34999,3796,QR,8301.0,household
35000,3798,MN,1258.0,household
35001,3798,MN,8637.0,other
35002,3799,AB,4673.0,household
35003,3799,MN,1290.0,other
35004,3799,EF,136.0,insurance
35005,3799,UV,213.0,other
35006,3800,AB,1294.0,household
35007,3800,OP,3634.0,other
35008,3802,MN,3276.0,household
35009,3803,IJ,5188.0,household
35010,3804,KL,5270.7,loan_repayment
35011,3804,WX,643.0,household
35012,3804,CD,4458.0,other
35013,3805,KL,5908.0,household
35014,3806,WX,3216.0,household
35015,3806,AB,2478.0,other
35016,3806,ST,18.0,insurance
35017,3807,GH,4828.0,household
35018,3808,AB,1966.0,household
35019,3808,GH,4767.0,other
35020,3809,WX,1965.0,household
35021,3809,OP,1619.0,other
35022,3809,YZ,2.0,insurance
35023,3810,KL,2862.0,household
35024,3811,KL,2515.0,household
35025,3812,GH,2125.0,household
35026,3813,EF,5645.0,household
35027,3813,KL,895.0,other
35028,3813,EF,333.0,insurance
35029,3815,QR,3162.4,leasing
35030,3817,MN,6529.0,household
35031,3818,QR,3596.0,household
35032,3818,OP,1474.0,other
35033,3818,CD,4065.0,insurance
35034,3819,CD,7102.0,household
35035,3820,UV,8054.0,household
35036,3822,GH,11657.0,household
35037,3824,UV,6198.0,household
35038,3826,GH,4518.0,household
35039,3828,GH,2010.0,household
35044,3830,EF,5498.0,household
35046,3832,IJ,160.0,household
35047,3832,UV,4176.0,other
35048,3833,MN,6760.0,household
35049,3834,KL,3114.0,household
35050,3834,YZ,375.0,other
35051,3834,MN,3189.0,insurance
35052,3834,YZ,262.0,other
35053,3834,WX,1921.0,loan_repayment
35054,3835,IJ,6337.0,household
35055,3835,AB,1247.0,other
35056,3836,QR,2676.0,household
35057,3836,MN,1011.0,other
35058,3836,YZ,5308.0,insurance
35059,3837,YZ,1377.6,leasing
35060,3839,YZ,3072.1,leasing
35061,3840,CD,2559.0,household
35062,3841,ST,440.0,household
35063,3841,MN,1223.0,household
35064,3842,ST,2776.0,household
35065,3844,UV,2260.0,household
35066,3845,WX,8866.0,household
35067,3846,GH,2016.0,household
35068,3847,YZ,5500.0,household
35069,3847,YZ,7.0,other
35070,3847,QR,883.0,insurance
35071,3848,YZ,7241.0,household
35072,3849,IJ,4447.0,household
35073,3850,IJ,2037.0,household
35074,3850,CD,5120.0,other
35075,3851,MN,1294.0,household
35076,3851,KL,9505.0,other
35077,3852,CD,220.0,household
35078,3852,CD,3144.0,household
35080,3854,QR,1290.0,household
35081,3854,OP,930.0,other
35082,3855,ST,950.0,household
35083,3855,IJ,5578.0,other
35084,3855,MN,795.0,insurance
35085,3856,UV,2280.0,household
35086,3857,ST,2183.0,household
35087,3859,WX,5120.2,loan_repayment
35088,3860,AB,1248.5,leasing
35089,3860,ST,8323.0,household
35090,3861,EF,4227.0,household
35091,3862,MN,2080.8,loan_repayment
35092,3862,UV,3508.0,household
35093,3862,YZ,7824.0,other
35094,3863,QR,8504.0,household
35095,3864,KL,347.0,household
35096,3864,GH,5960.0,other
35097,3864,GH,511.0,insurance
35098,3864,QR,1419.0,other
35099,3865,OP,5947.0,household
35100,3867,AB,5476.0,household
35101,3868,CD,3259.0,household
35102,3869,GH,1248.5,leasing
35103,3869,UV,6360.0,household
35104,3870,AB,3673.0,household
35105,3871,UV,153.0,household
35106,3871,AB,1505.0,household
35107,3872,UV,2502.2,loan_repayment
35108,3872,GH,1691.0,household
35109,3872,QR,923.0,other
35110,3872,KL,5301.0,insurance
35111,3872,MN,2908.0,other
35115,3874,CD,5861.0,household
35116,3875,IJ,6413.7,loan_repayment
35117,3876,UV,12056.0,household
35118,3877,QR,3711.0,household
35119,3878,OP,216.0,household
35120,3878,YZ,1648.0,other
35121,3878,YZ,70.0,insurance
35126,3880,CD,1942.0,household
35127,3881,EF,1319.0,household
35128,3881,IJ,3188.0,other
35129,3882,KL,1608.0,household
35130,3882,QR,379.0,other
35131,3882,ST,77.0,insurance
35132,3882,IJ,100.0,other
35133,3884,YZ,5011.0,household
35134,3885,GH,1176.0,leasing
35135,3887,MN,2013.0,household
35136,3889,KL,173.0,household
35137,3889,GH,1767.0,other
35138,3890,MN,5467.0,household
35139,3891,GH,3172.0,household
35140,3892,GH,2238.0,household
35141,3893,QR,1501.0,household
35142,3893,MN,1534.0,other
35143,3894,OP,2745.0,household
35144,3894,YZ,621.0,household
35145,3895,OP,4414.0,household
35146,3896,EF,2602.0,household
35147,3896,MN,1642.0,other
35148,3897,MN,5350.0,household
35149,3898,WX,2650.0,household
35150,3899,IJ,3069.0,household
35153,3901,GH,932.0,leasing
35154,3902,WX,1016.0,household
35155,3902,ST,5419.0,other
35156,3903,CD,6583.0,household
35157,3904,UV,2075.0,household
35158,3905,YZ,7689.0,household
35159,3906,EF,5577.3,loan_repayment
35160,3907,CD,5577.3,loan_repayment
35161,3908,KL,1630.0,household
35162,3908,QR,1008.0,household
35163,3909,YZ,8279.0,household
35164,3909,QR,713.0,other
35165,3909,YZ,617.0,insurance
35166,3910,YZ,2673.0,household
35167,3911,EF,1946.0,household
35168,3912,UV,1177.0,household
35169,3912,KL,1551.0,household
35170,3913,OP,7333.0,household
35171,3914,AB,6118.0,household
35172,3915,GH,9510.0,household
35173,3916,EF,2693.7,loan_repayment
35174,3916,UV,10900.0,household
35175,3916,UV,1078.0,other
35176,3916,AB,2570.0,insurance
35177,3917,CD,2362.0,household
35178,3917,QR,2833.0,other
35179,3917,YZ,789.0,insurance
35180,3917,OP,272.0,other
35181,3918,ST,4865.0,household
35182,3919,KL,3521.0,household
35183,3922,MN,2953.0,household
35184,3923,ST,5037.0,household
35185,3924,KL,3093.0,household
35186,3925,WX,4256.0,household
35187,3925,OP,2247.0,other
35188,3926,IJ,2232.0,household
35189,3927,CD,1926.0,household
35190,3927,YZ,1400.0,other
35196,3930,YZ,9101.0,household
35197,3932,UV,1593.0,household
35198,3933,YZ,1616.2,leasing
35199,3934,MN,2396.0,household
35200,3935,WX,1184.0,leasing
35201,3935,MN,2648.0,household
35202,3935,GH,5908.0,other
35203,3935,YZ,652.0,insurance
35204,3935,MN,1070.0,other
35205,3936,CD,1859.0,household
35206,3936,ST,127.0,other
35207,3936,AB,432.0,insurance
35208,3937,KL,3385.0,household
35209,3938,CD,3869.0,household
35210,3939,MN,5177.0,household
35211,3941,MN,1510.0,household
35212,3941,WX,599.0,other
35213,3942,YZ,2982.5,loan_repayment
35214,3942,ST,13428.0,household
35215,3943,YZ,1942.0,household
35216,3944,QR,1165.0,household
35217,3944,EF,3338.0,other
35218,3946,GH,4832.0,household
35219,3946,AB,4607.0,other
35220,3947,CD,2469.0,household
35221,3947,YZ,619.0,other
35222,3948,YZ,314.0,household
35223,3948,EF,2780.0,other
35224,3948,YZ,1969.0,insurance
35225,3948,EF,210.0,other
35226,3950,EF,6955.0,household
35227,3950,WX,1185.0,leasing
35228,3951,OP,7284.0,loan_repayment
35229,3952,GH,367.0,household
35230,3952,GH,1138.0,household
35231,3953,AB,5297.7,loan_repayment
35232,3954,MN,2014.0,household
35233,3955,EF,4129.0,household
35234,3955,GH,997.0,other
35235,3956,ST,6035.0,household
35236,3956,IJ,892.0,other
35237,3959,AB,1680.6,leasing
35238,3960,CD,3204.0,household
35239,3961,AB,2309.0,household
35240,3963,IJ,3477.0,household
35241,3963,WX,95.0,other
35242,3963,EF,70.0,insurance
35243,3964,UV,2146.0,household
35244,3966,IJ,1754.0,household
35245,3967,AB,2349.5,loan_repayment
35246,3969,QR,4299.0,household
35247,3970,ST,8957.0,household
35248,3971,KL,9510.0,household
35249,3971,UV,1026.0,other
35250,3971,WX,857.0,insurance
35251,3971,MN,402.0,other
35252,3972,GH,7012.0,household
35253,3972,AB,2012.0,other
35254,3973,IJ,6941.0,household
35255,3974,QR,4670.0,household
35256,3975,YZ,2269.0,household
35257,3976,ST,967.0,household
35258,3976,ST,1447.0,household
35259,3977,ST,2974.0,household
35260,3978,WX,3616.0,household
35261,3978,UV,692.0,other
35262,3978,QR,1997.0,insurance
35263,3979,WX,6256.0,household
35264,3980,ST,1367.0,household
35265,3980,QR,2264.0,other
35266,3981,AB,1383.0,household
35267,3981,EF,336.0,other
35268,3981,MN,545.0,insurance
35269,3982,OP,2153.0,household
35270,3984,AB,1803.0,household
35271,3985,GH,2007.0,household
35272,3986,AB,3960.0,household
35273,3986,WX,2649.0,other
35274,3987,WX,4992.0,household
35275,3987,QR,1526.0,leasing
35276,3989,CD,2097.0,household
35277,3990,YZ,10312.0,household
35278,3991,IJ,1937.0,household
35279,3992,ST,6738.0,household
35280,3993,ST,7616.0,household
35281,3995,KL,3601.0,household
35282,3995,UV,415.0,other
35283,3995,YZ,983.0,insurance
35284,3996,YZ,1511.0,household
35285,3998,QR,2364.0,household
35286,3998,KL,1519.0,other
35287,3999,IJ,4806.0,household
35288,3999,AB,2332.0,other
35289,3999,KL,563.0,insurance
35291,4003,OP,3815.5,leasing
35292,4003,YZ,3786.0,household
35297,4010,ST,5948.0,household
35298,4010,MN,1824.0,leasing
35303,4013,MN,1003.0,leasing
35304,4013,EF,6686.0,household
35317,4026,ST,2620.4,leasing
35318,4026,IJ,2618.0,household
35319,4026,QR,9711.0,other
35334,4033,MN,1494.0,household
35335,4033,OP,2808.0,other
35336,4033,OP,1756.0,loan_repayment
35352,4047,MN,2988.0,leasing
35364,4052,IJ,2948.0,loan_repayment
35372,4059,WX,5652.0,loan_repayment
35381,4066,YZ,3224.5,leasing
35382,4066,CD,6893.0,household
35383,4066,WX,7246.0,other
35391,4071,EF,1078.0,leasing
35392,4071,WX,10272.0,household
35402,4079,WX,3312.0,loan_repayment
35403,4079,AB,5009.0,household
35404,4079,QR,218.0,other
35405,4079,ST,321.0,insurance
35409,4081,YZ,5746.0,loan_repayment
35417,4088,UV,4235.7,leasing
35418,4088,YZ,3315.0,household
35419,4088,KL,337.0,other
35420,4088,WX,3.0,insurance
35422,4091,YZ,4247.0,household
35423,4091,ST,185.0,other
35424,4091,CD,907.0,leasing
35433,4099,AB,1926.0,household
35434,4099,IJ,403.0,other
35435,4099,QR,1298.0,insurance
35436,4099,GH,872.0,loan_repayment
35462,4116,MN,4200.2,loan_repayment
35463,4116,IJ,14448.0,household
35472,4127,CD,4200.2,loan_repayment
35473,4127,QR,11105.0,household
35474,4127,GH,221.0,other
35475,4127,QR,69.0,insurance
35478,4131,YZ,2520.1,leasing
35479,4131,OP,974.0,household
35480,4131,UV,4696.0,other
35482,4134,OP,1171.0,leasing
35483,4134,WX,5932.0,household
35493,4143,OP,1896.0,leasing
35494,4144,QR,5915.7,loan_repayment
35495,4144,WX,8753.0,household
35503,4150,ST,3006.0,household
35504,4150,WX,1669.0,other
35505,4150,QR,75.0,insurance
35506,4150,CD,1273.0,leasing
35532,4171,WX,2611.8,leasing
35533,4171,GH,14336.0,household
35557,4186,EF,7028.0,household
35558,4186,UV,894.0,leasing
35565,4190,QR,2901.0,household
35566,4190,MN,1100.0,other
35567,4190,IJ,1242.0,insurance
35568,4190,QR,6763.0,loan_repayment
35639,4237,GH,1960.5,leasing
35649,4245,CD,4534.0,household
35650,4245,OP,1663.0,leasing
35663,4253,UV,4125.2,leasing
35664,4253,WX,7344.0,household
35668,4259,ST,3318.0,loan_repayment
35669,4259,CD,9516.0,household
35670,4259,AB,2255.0,other
35671,4260,EF,4075.5,loan_repayment
35672,4260,OP,12006.0,household
35680,4266,MN,9098.0,household
35681,4266,QR,507.0,leasing
35683,4268,IJ,6646.0,household
35684,4268,AB,3499.0,loan_repayment
35690,4273,QR,2895.2,leasing
35691,4273,UV,9909.0,household
35695,4276,IJ,2895.2,leasing
35718,4293,GH,4561.0,loan_repayment
35719,4293,IJ,4797.0,household
35737,4309,UV,4825.3,loan_repayment
35748,4318,YZ,4609.6,leasing
35749,4318,KL,13396.0,household
35752,4320,GH,4280.0,loan_repayment
35763,4330,KL,4609.6,leasing
35764,4330,CD,4140.0,household
35765,4330,OP,1786.0,other
35767,4332,WX,4609.6,leasing
35768,4332,GH,7885.0,household
35772,4336,CD,4556.0,leasing
35773,4336,WX,8316.0,household
35774,4337,IJ,2142.0,loan_repayment
35781,4342,AB,4172.0,loan_repayment
35782,4342,KL,6135.0,household
35785,4346,EF,2329.0,leasing
35786,4346,KL,5389.0,household
35787,4346,AB,3067.0,other
35791,4352,EF,3710.0,household
35792,4352,MN,506.0,leasing
35794,4354,MN,5461.3,loan_repayment
35795,4354,CD,12756.0,household
35796,4356,AB,1003.0,leasing
35798,4358,IJ,2542.0,leasing
35802,4361,AB,7512.7,loan_repayment
35820,4377,OP,4788.3,leasing
35825,4383,IJ,1540.0,leasing
35826,4383,AB,8352.0,household
35827,4383,KL,4265.0,other
35829,4386,ST,1590.0,leasing
35830,4386,OP,11954.0,household
35865,4408,YZ,3779.9,leasing
35866,4408,GH,5156.0,household
35874,4413,QR,4610.0,loan_repayment
35875,4413,UV,7802.0,household
35876,4414,ST,3716.0,household
35877,4414,ST,3509.0,other
35878,4414,EF,4051.0,loan_repayment
35879,4415,AB,4601.0,household
35880,4415,MN,3408.0,other
35881,4415,QR,77.0,insurance
35882,4415,OP,397.0,other
35883,4415,EF,6170.0,loan_repayment
35887,4418,ST,5951.0,household
35888,4418,ST,186.0,other
35889,4418,UV,906.0,insurance
35890,4418,ST,1435.0,other
35891,4418,ST,881.0,leasing
35899,4423,GH,2051.0,loan_repayment
35900,4423,CD,1277.0,household
35901,4423,QR,4015.0,other
35902,4424,MN,720.0,leasing
35905,4427,KL,5005.0,household
35906,4427,CD,7318.0,loan_repayment
35917,4434,GH,2314.0,leasing
35918,4434,OP,4495.0,household
35922,4438,ST,658.0,leasing
35925,4442,CD,8590.0,household
35926,4442,GH,1502.0,leasing
35931,4447,WX,5353.5,loan_repayment
35932,4448,WX,5353.5,loan_repayment
35941,4456,IJ,5353.5,loan_repayment
35951,4462,AB,2770.3,loan_repayment
35956,4467,UV,2394.5,loan_repayment
35957,4467,QR,4556.0,household
35964,4471,CD,3029.2,leasing
35965,4471,AB,11318.0,household
35967,4473,EF,5528.0,household
35968,4473,KL,3525.0,other
35969,4473,KL,1566.0,loan_repayment
35971,4475,YZ,1691.9,leasing
35972,4476,YZ,3195.0,household
35973,4476,EF,912.0,other
35974,4476,GH,3103.0,insurance
35975,4476,UV,633.0,loan_repayment
35978,4478,CD,707.0,leasing
36008,4503,YZ,2819.8,loan_repayment
36020,4511,WX,3948.0,household
36021,4511,EF,798.0,leasing
36042,4527,QR,2156.0,loan_repayment
36048,4533,CD,2253.5,loan_repayment
36049,4533,OP,10479.0,household
36053,4537,EF,1352.1,leasing
36066,4550,IJ,1113.0,household
36067,4550,EF,1607.0,other
36068,4550,ST,424.0,insurance
36069,4550,WX,1022.0,loan_repayment
36110,4576,UV,8339.0,loan_repayment
36115,4580,ST,1684.8,loan_repayment
36116,4580,AB,8723.0,household
36124,4585,YZ,4065.0,household
36125,4585,GH,1347.0,loan_repayment
36166,4616,GH,2778.7,loan_repayment
36167,4616,WX,12260.0,household
36170,4618,WX,2778.7,loan_repayment
36181,4626,IJ,2778.7,loan_repayment
36189,4631,KL,3647.0,loan_repayment
36217,4650,YZ,554.0,household
36218,4650,KL,2828.0,other
36219,4650,ST,6700.0,loan_repayment
36230,4660,QR,4456.0,loan_repayment
36231,4660,QR,2121.0,household
36232,4660,UV,475.0,other
36233,4660,MN,437.0,insurance
36263,4681,ST,3388.0,loan_repayment
36264,4681,CD,5016.0,household
36265,4681,OP,4515.0,other
36325,4715,AB,4049.0,loan_repayment
36341,4725,KL,4674.2,loan_repayment
36342,4725,KL,13462.0,household
36345,4727,YZ,4485.0,loan_repayment
36346,4727,QR,3580.0,household
36347,4727,UV,1861.0,other
36371,4746,UV,3413.0,loan_repayment
36378,4753,UV,1271.0,leasing
36413,4774,EF,9689.0,loan_repayment
36424,4784,CD,4572.0,loan_repayment
36443,4794,MN,1922.0,household
36444,4794,EF,603.0,other
36445,4794,UV,3142.0,insurance
36446,4794,CD,1660.0,other
36447,4794,KL,9698.0,loan_repayment
36454,4803,UV,1232.0,loan_repayment
36489,4825,OP,1783.2,loan_repayment
36529,4851,MN,5902.2,loan_repayment
36530,4851,YZ,4285.0,household
36531,4852,QR,4794.0,household
36532,4852,YZ,5925.0,loan_repayment
36539,4858,AB,6983.3,loan_repayment
36547,4863,MN,6340.3,loan_repayment
36548,4863,OP,3300.0,household
36549,4863,QR,6036.0,other
36599,4894,ST,4875.8,loan_repayment
36618,4907,YZ,3938.0,household
36619,4907,AB,1253.0,other
36620,4907,QR,325.0,insurance
36621,4907,IJ,2059.0,loan_repayment
36665,4937,ST,5996.2,loan_repayment
36666,4937,OP,2687.0,household
36667,4937,OP,800.0,other
36679,4948,KL,5996.2,loan_repayment
36680,4948,WX,4710.0,household
36681,4949,WX,6039.8,loan_repayment
36709,4969,ST,2502.8,loan_repayment
36710,4969,UV,8309.0,household
36711,4969,AB,610.0,other
36729,4981,YZ,4930.0,household
36730,4981,GH,3736.0,loan_repayment
36748,4994,MN,7178.8,loan_repayment
36749,4995,QR,3583.0,loan_repayment
36754,4999,GH,4588.5,loan_repayment
36755,4999,WX,7028.0,household
36756,4999,MN,6327.0,other
36758,5001,OP,4588.5,loan_repayment
36759,5001,OP,9292.0,household
36799,5033,CD,1820.0,household
36800,5033,QR,754.0,other
36801,5033,EF,2196.0,insurance
36802,5033,EF,950.0,loan_repayment
36851,5065,GH,1541.3,leasing
36852,5066,CD,2568.8,loan_repayment
36853,5066,OP,4206.0,household
36854,5066,EF,1018.0,other
36855,5066,YZ,132.0,insurance
36856,5066,KL,1283.0,other
36866,5072,CD,1863.0,household
36867,5072,EF,5869.0,other
36868,5072,OP,1065.0,insurance
36869,5072,OP,805.0,other
36870,5072,IJ,5292.0,loan_repayment
36928,5118,GH,3095.0,household
36929,5118,CD,446.0,other
36930,5118,CD,1109.0,loan_repayment
36934,5120,MN,6738.7,loan_repayment
36935,5120,YZ,3008.0,household
36946,5126,YZ,4208.0,household
36947,5126,GH,424.0,loan_repayment
36956,5133,MN,4755.0,loan_repayment
36957,5133,AB,286.0,household
36958,5133,IJ,412.0,other
36959,5133,QR,3913.0,insurance
37012,5164,EF,4261.0,household
37013,5164,UV,621.0,loan_repayment
37032,5180,WX,4897.0,loan_repayment
37033,5181,WX,6652.5,loan_repayment
37059,5196,YZ,6652.5,loan_repayment
37060,5196,CD,7905.0,household
37085,5213,OP,6687.0,loan_repayment
37087,5215,KL,2.0,household
37088,5215,QR,5315.0,other
37089,5215,KL,372.0,insurance
37090,5215,QR,870.0,other
37091,5215,KL,1219.0,loan_repayment
37108,5228,OP,7242.0,loan_repayment
37154,5256,KL,5388.5,loan_repayment
37167,5263,GH,3950.0,household
37168,5263,MN,4605.0,loan_repayment
37173,5267,MN,5388.5,loan_repayment
37177,5269,UV,793.0,household
37178,5269,OP,7260.0,other
37179,5269,OP,1957.0,loan_repayment
37180,5270,CD,3317.0,loan_repayment
37196,5283,KL,3559.0,loan_repayment
37197,5283,YZ,9649.0,household
37213,5290,YZ,7537.0,loan_repayment
37214,5290,UV,6293.0,household
37215,5290,WX,2245.0,other
37216,5290,QR,1336.0,insurance
37238,5305,MN,5011.2,loan_repayment
37251,5313,QR,5011.2,loan_repayment
37252,5313,MN,5791.0,household
37253,5313,UV,1167.0,other
37254,5313,AB,958.0,insurance
37257,5317,AB,2504.8,loan_repayment
37258,5317,KL,4331.0,household
37317,5358,ST,9191.0,household
37318,5358,MN,1139.0,loan_repayment
37323,5362,OP,4226.3,loan_repayment
37324,5362,UV,6413.0,household
37325,5362,IJ,7962.0,other
37339,5372,QR,2612.0,leasing
37361,5385,KL,2489.3,loan_repayment
37362,5385,YZ,8754.0,household
37378,5395,WX,4393.8,loan_repayment
37421,5422,YZ,6148.0,loan_repayment
37422,5422,AB,832.0,household
37423,5422,WX,2320.0,other
37424,5422,EF,1435.0,insurance
37425,5423,MN,1394.0,leasing
37426,5423,MN,446.0,household
37427,5423,QR,8618.0,other
37428,5423,AB,4068.0,insurance
37435,5428,MN,7281.3,loan_repayment
37456,5442,CD,7281.3,loan_repayment
37457,5442,EF,8110.0,household
37458,5442,MN,2070.0,other
37459,5442,IJ,1017.0,insurance
37462,5445,QR,2186.0,loan_repayment
37463,5445,UV,685.0,household
37464,5445,IJ,1439.0,other
37465,5445,OP,624.0,insurance
37466,5445,KL,859.0,other
37516,5477,UV,7279.3,loan_repayment
37517,5477,UV,6342.0,household
37520,5481,IJ,4358.0,loan_repayment
37522,5483,KL,1307.0,leasing
37560,5505,WX,2908.2,leasing
37616,5541,UV,3114.0,household
37617,5541,QR,648.0,other
37618,5541,WX,680.0,loan_repayment
37625,5546,IJ,2536.9,leasing
37665,5572,IJ,2348.0,loan_repayment
37666,5572,KL,11314.0,household
37668,5574,CD,3719.0,loan_repayment
37669,5574,QR,11878.0,household
37699,5591,ST,3697.8,loan_repayment
37700,5591,GH,323.0,household
37701,5591,UV,2872.0,other
37702,5591,OP,345.0,insurance
37703,5591,YZ,2.0,other
37706,5593,GH,3697.8,loan_repayment
37707,5593,EF,6049.0,household
37716,5602,EF,3697.8,loan_repayment
37740,5622,UV,6918.3,loan_repayment
37741,5622,ST,6327.0,household
37742,5622,EF,573.0,other
37748,5628,QR,3757.0,loan_repayment
37755,5632,ST,4760.0,loan_repayment
37782,5650,EF,4108.3,loan_repayment
37783,5650,GH,10530.0,household
37795,5661,MN,1653.6,leasing
37838,5692,AB,1653.6,leasing
37847,5698,OP,2756.0,loan_repayment
37848,5698,QR,10120.0,household
37850,5700,UV,1728.0,loan_repayment
37888,5724,WX,4845.0,loan_repayment
37889,5724,IJ,2692.0,household
37890,5724,MN,561.0,other
37891,5724,YZ,281.0,insurance
37892,5724,WX,1220.0,other
37906,5735,MN,4845.0,loan_repayment
37912,5740,OP,2907.0,leasing
37915,5742,GH,4845.0,loan_repayment
37937,5758,KL,5700.7,loan_repayment
37938,5758,IJ,3063.0,household
37939,5758,WX,3203.0,other
37940,5758,UV,7996.0,insurance
37964,5774,UV,1413.0,household
37965,5774,OP,7143.0,other
37966,5774,ST,1299.0,loan_repayment
37995,5794,CD,2060.0,loan_repayment
38026,5817,WX,3849.0,leasing
38027,5817,QR,3105.0,household
38028,5817,WX,9352.0,other
38053,5837,KL,4939.0,loan_repayment
38091,5868,CD,1762.0,leasing
38118,5891,EF,5432.3,loan_repayment
38151,5912,CD,3076.8,loan_repayment
38152,5912,OP,9846.0,household
38166,5927,OP,1817.3,loan_repayment
38190,5944,AB,4685.0,household
38191,5944,AB,1640.0,loan_repayment
38198,5952,EF,5885.3,loan_repayment
38199,5952,GH,3028.0,household
38200,5952,MN,1374.0,other
38201,5952,YZ,3684.0,insurance
38202,5952,WX,1594.0,other
38263,5991,UV,1978.0,household
38264,5991,KL,4235.0,other
38265,5991,MN,1272.0,loan_repayment
38326,6030,WX,1177.0,loan_repayment
38328,6034,MN,7741.8,loan_repayment
38338,6040,UV,2635.0,household
38339,6040,EF,1321.0,other
38340,6040,GH,5015.0,insurance
38341,6040,QR,489.0,loan_repayment
38359,6051,AB,7685.0,loan_repayment
38373,6061,YZ,8521.0,household
38374,6061,KL,429.0,loan_repayment
38375,6062,OP,5356.0,loan_repayment
38376,6062,KL,10608.0,household
38395,6075,ST,8499.0,loan_repayment
38408,6083,MN,7518.0,loan_repayment
38431,6097,WX,3155.0,household
38432,6097,KL,728.0,loan_repayment
38462,6118,UV,7518.0,loan_repayment
38500,6138,EF,2817.3,loan_repayment
38501,6138,WX,10869.0,household
38519,6148,YZ,7847.0,household
38520,6148,QR,2490.0,loan_repayment
38539,6157,GH,5165.2,loan_repayment
38540,6157,MN,9523.0,household
38541,6158,ST,5165.2,loan_repayment
38649,6226,KL,6643.7,loan_repayment
38694,6265,WX,3639.5,loan_repayment
38695,6265,EF,7274.0,household
38708,6273,QR,3639.5,loan_repayment
38729,6289,GH,1784.5,loan_repayment
38820,6353,EF,586.0,household
38821,6353,OP,5984.0,other
38822,6353,CD,1332.0,loan_repayment
38829,6358,GH,5632.8,loan_repayment
38830,6358,EF,13076.0,household
38837,6363,UV,1459.0,loan_repayment
38885,6397,GH,3016.7,loan_repayment
38888,6400,OP,3016.7,loan_repayment
38889,6400,OP,7320.0,household
38890,6400,QR,143.0,other
38891,6400,EF,7396.0,insurance
38921,6425,KL,3057.0,loan_repayment
38930,6434,GH,4589.2,loan_repayment
38931,6434,EF,4891.0,household
38936,6440,UV,2881.0,loan_repayment
38955,6453,MN,1514.0,household
38956,6453,KL,695.0,other
38957,6453,EF,541.0,insurance
38958,6453,KL,304.0,loan_repayment
38965,6461,MN,4192.5,loan_repayment
38982,6472,QR,3597.0,loan_repayment
38983,6473,KL,6408.8,loan_repayment
39014,6495,OP,8606.0,household
39015,6495,EF,8747.0,loan_repayment
39027,6505,WX,3207.8,loan_repayment
39032,6510,EF,3207.8,loan_repayment
39033,6511,KL,1924.7,leasing
39102,6555,UV,5900.0,loan_repayment
39151,6592,QR,6510.7,loan_repayment
39152,6592,QR,10755.0,household
39167,6602,GH,8523.0,loan_repayment
39177,6609,ST,1671.0,loan_repayment
39178,6609,UV,3881.0,household
39179,6609,GH,1624.0,other
39241,6649,CD,1671.0,loan_repayment
39284,6678,AB,6133.0,loan_repayment
39303,6686,ST,4853.8,loan_repayment
39305,6688,AB,1753.0,household
39306,6688,OP,1282.0,other
39307,6688,AB,570.0,insurance
39308,6688,EF,638.0,loan_repayment
39324,6699,AB,2650.2,loan_repayment
39325,6699,UV,7303.0,household
39326,6699,EF,5504.0,other
39328,6701,CD,2650.2,loan_repayment
39337,6706,ST,1982.0,household
39338,6706,IJ,671.0,other
39339,6706,CD,815.0,insurance
39340,6706,WX,1081.0,loan_repayment
39352,6715,GH,2298.2,loan_repayment
39380,6738,ST,3159.0,loan_repayment
39463,6792,GH,3520.0,household
39464,6792,AB,49.0,other
39465,6792,YZ,423.0,insurance
39466,6792,YZ,1432.0,loan_repayment
39483,6806,IJ,2428.9,leasing
39555,6856,CD,3454.0,loan_repayment
39556,6856,CD,2557.0,household
39557,6856,YZ,794.0,other
39558,6856,WX,6965.0,insurance
39617,6902,OP,3738.0,household
39618,6902,YZ,827.0,other
39619,6902,ST,1370.0,loan_repayment
39629,6910,AB,2391.5,leasing
39646,6922,UV,5811.7,loan_repayment
39648,6924,UV,4059.5,loan_repayment
39649,6924,CD,4585.0,household
39661,6930,WX,1081.0,loan_repayment
39689,6950,ST,8561.0,household
39690,6950,IJ,9910.0,loan_repayment
39741,6985,ST,2687.5,loan_repayment
39742,6985,ST,13167.0,household
39830,7045,MN,6015.3,loan_repayment
39835,7049,GH,8253.2,loan_repayment
39841,7052,AB,1776.7,loan_repayment
39890,7082,CD,6359.0,household
39891,7082,AB,1204.0,other
39892,7082,CD,15.0,insurance
39893,7082,AB,262.0,other
39894,7082,YZ,4045.0,loan_repayment
39924,7099,AB,4882.5,loan_repayment
39925,7099,UV,236.0,household
39926,7099,QR,11766.0,other
39927,7099,AB,528.0,insurance
39966,7123,WX,3918.2,loan_repayment
39967,7123,KL,14581.0,household
39986,7133,CD,2683.0,household
39987,7133,YZ,44.0,other
39988,7133,IJ,115.0,insurance
39989,7133,ST,56.0,other
39990,7133,AB,1352.0,loan_repayment
39994,7136,ST,2059.0,loan_repayment
39995,7136,ST,1080.0,household
39996,7136,UV,2235.0,other
39997,7136,AB,547.0,insurance
40034,7156,MN,2062.0,loan_repayment
40065,7176,KL,6110.0,household
40066,7176,CD,3399.0,loan_repayment
40071,7180,YZ,4156.5,loan_repayment
40072,7180,ST,8089.0,household
40073,7181,KL,4156.5,loan_repayment
40074,7181,UV,5030.0,household
40075,7181,OP,421.0,other
40076,7181,IJ,16.0,insurance
40077,7181,OP,514.0,other
40084,7184,GH,3434.0,household
40085,7184,AB,1879.0,other
40086,7184,QR,691.0,insurance
40087,7184,EF,276.0,other
40088,7184,AB,6485.0,loan_repayment
40099,7190,WX,5394.0,household
40100,7190,MN,1056.0,loan_repayment
40158,7231,CD,2283.2,leasing
40169,7240,WX,2535.7,loan_repayment
40170,7240,QR,9136.0,household
40207,7262,EF,1900.0,household
40208,7262,UV,6875.0,other
40209,7262,UV,1221.0,loan_repayment
40226,7274,WX,4086.8,loan_repayment
40227,7274,WX,4603.0,household
40328,7401,ST,3372.7,loan_repayment
40329,7401,QR,7266.0,household
40349,7418,QR,2523.2,loan_repayment
40357,7424,YZ,2523.2,loan_repayment
40358,7424,IJ,6817.0,household
40359,7424,AB,1110.0,other
40360,7424,WX,164.0,insurance
40381,7437,QR,2306.8,loan_repayment
40382,7437,EF,6901.0,household
40383,7437,KL,231.0,other
40384,7437,OP,228.0,insurance
40395,7445,WX,2306.8,loan_repayment
40410,7454,QR,2306.0,household
40411,7454,AB,471.0,other
40412,7454,QR,1319.0,loan_repayment
40429,7465,ST,1060.6,leasing
40430,7465,ST,1391.0,household
40431,7465,CD,2850.0,other
40432,7465,OP,302.0,insurance
40433,7465,MN,2527.0,other
40462,7485,OP,3799.8,loan_repayment
40463,7485,UV,10279.0,household
40465,7487,ST,2279.9,leasing
40466,7487,IJ,7329.0,household
40467,7487,KL,4792.0,other
40524,7523,QR,8013.0,loan_repayment
40559,7542,OP,3683.0,household
40560,7542,UV,3389.0,other
40561,7542,CD,9847.0,loan_repayment
40565,7546,AB,3495.8,loan_repayment
40566,7546,EF,3861.0,household
40567,7546,ST,198.0,other
40568,7546,ST,49.0,insurance
40588,7559,YZ,4112.0,household
40589,7559,GH,1066.0,loan_repayment
40593,7562,YZ,6450.2,loan_repayment
40597,7565,EF,3197.8,loan_repayment
40598,7565,GH,6649.0,household
40599,7565,MN,228.0,other
40635,7594,QR,2718.0,loan_repayment
40636,7594,YZ,2302.0,household
40637,7594,MN,2165.0,other
40638,7594,WX,1347.0,insurance
40639,7594,IJ,210.0,other
40654,7606,MN,3197.8,loan_repayment
40655,7606,AB,4268.0,household
40656,7606,CD,5856.0,other
40657,7607,KL,6020.0,household
40658,7607,GH,1322.0,loan_repayment
40671,7614,WX,6678.7,loan_repayment
40675,7618,AB,2362.4,leasing
40694,7632,KL,9629.0,household
40695,7632,WX,3551.0,loan_repayment
40702,7636,KL,3532.0,loan_repayment
40703,7636,CD,3077.0,household
40704,7636,CD,325.0,other
40705,7637,GH,9397.0,household
40706,7637,YZ,8127.0,loan_repayment
40758,7674,GH,3937.3,loan_repayment
40759,7674,ST,1477.0,household
40760,7674,YZ,7383.0,other
40815,7713,UV,3673.7,loan_repayment
40816,7713,ST,8418.0,household
40827,7721,IJ,3788.3,loan_repayment
40846,7733,EF,5836.0,loan_repayment
40865,7745,WX,2153.8,loan_repayment
40866,7745,WX,10160.0,household
40883,7753,GH,2153.8,loan_repayment
40897,7765,IJ,2332.0,loan_repayment
40898,7765,EF,8217.0,household
40906,7769,OP,4085.0,loan_repayment
40910,7774,KL,1002.4,leasing
40947,7795,AB,6202.0,loan_repayment
40975,7815,MN,7903.8,loan_repayment
40976,7815,KL,1475.0,household
40977,7815,ST,268.0,other
40978,7815,IJ,2197.0,insurance
40987,7819,KL,1953.0,household
40988,7819,MN,733.0,other
40989,7819,CD,1296.0,insurance
40990,7819,WX,1721.0,other
40991,7819,UV,434.0,loan_repayment
40999,7824,KL,7903.8,loan_repayment
41000,7824,ST,2156.0,household
41001,7824,GH,1525.0,other
41042,7844,UV,3816.0,loan_repayment
41059,7857,WX,5676.0,loan_repayment
41060,7857,EF,8157.0,household
41061,7857,MN,1042.0,other
41062,7857,KL,137.0,insurance
41064,7859,UV,6010.2,loan_repayment
41066,7861,GH,8400.0,household
41067,7861,OP,400.0,other
41068,7861,WX,26.0,insurance
41069,7861,MN,131.0,other
41070,7861,WX,607.0,loan_repayment
41106,7890,ST,4304.0,household
41107,7890,WX,1653.0,loan_repayment
41111,7894,CD,4253.7,loan_repayment
41112,7894,ST,4780.0,household
41113,7894,ST,2705.0,other
41131,7907,EF,8116.2,loan_repayment
41132,7907,IJ,6327.0,household
41168,7926,GH,3505.0,loan_repayment
41214,7957,YZ,3575.0,loan_repayment
41215,7957,WX,6164.0,household
41216,7957,EF,6055.0,other
41230,7965,YZ,5955.0,loan_repayment
41231,7965,IJ,7268.0,household
41232,7966,MN,7887.7,loan_repayment
41266,7990,AB,3020.0,loan_repayment
41267,7990,IJ,7158.0,household
41276,7997,ST,6694.2,loan_repayment
41316,8026,GH,3563.0,loan_repayment
41317,8027,CD,6469.7,loan_repayment
41332,8038,AB,5215.0,household
41333,8038,QR,1494.0,loan_repayment
41334,8039,UV,3900.5,loan_repayment
41335,8039,AB,1074.0,household
41336,8039,MN,610.0,other
41337,8039,IJ,3231.0,insurance
41339,8041,UV,3900.5,loan_repayment
41351,8051,AB,4340.0,loan_repayment
41380,8073,OP,4110.0,loan_repayment
41381,8073,GH,695.0,household
41382,8073,IJ,11567.0,other
41406,8085,ST,4340.0,loan_repayment
41407,8085,KL,916.0,household
41408,8085,KL,10965.0,other
41415,8092,ST,6216.0,household
41416,8092,QR,935.0,loan_repayment
41418,8094,UV,6123.0,loan_repayment
41419,8094,CD,5665.0,household
41452,8114,MN,5958.0,household
41453,8114,GH,494.0,other
41454,8114,EF,1655.0,loan_repayment
41468,8127,AB,6494.8,loan_repayment
41469,8127,IJ,8305.0,household
41471,8129,AB,6184.0,household
41472,8129,KL,2076.0,loan_repayment
41501,8149,IJ,4190.3,loan_repayment
41507,8153,IJ,1993.6,leasing
41512,8158,QR,6630.7,loan_repayment
41513,8158,UV,9538.0,household
41514,8158,OP,2148.0,other
41515,8159,WX,3034.0,household
41516,8159,QR,1552.0,other
41517,8159,GH,1241.0,loan_repayment
41532,8169,WX,2148.0,household
41533,8169,GH,3575.0,other
41534,8169,IJ,1633.0,loan_repayment
41538,8173,MN,6695.0,loan_repayment
41592,8212,AB,1280.0,leasing
41606,8225,ST,3017.2,loan_repayment
41652,8260,QR,6239.2,loan_repayment
41653,8261,AB,3659.8,loan_repayment
41654,8261,GH,1915.0,household
41655,8261,YZ,413.0,other
41656,8261,OP,646.0,insurance
41657,8261,KL,2163.0,other
41666,8268,YZ,1999.0,household
41667,8268,UV,5870.0,other
41668,8268,ST,359.0,loan_repayment
41742,8316,ST,5616.2,loan_repayment
41746,8320,UV,5161.2,loan_repayment
41747,8320,KL,9105.0,household
41748,8321,WX,7041.0,household
41749,8321,AB,1484.0,loan_repayment
41754,8327,IJ,5161.2,loan_repayment
41755,8327,UV,4104.0,household
41756,8327,QR,2539.0,other
41760,8330,EF,3708.0,household
41761,8330,EF,319.0,loan_repayment
41778,8341,OP,1303.2,leasing
41827,8377,QR,6950.8,loan_repayment
41828,8377,QR,1172.0,household
41829,8377,MN,5018.0,other
41834,8381,IJ,6950.8,loan_repayment
41835,8381,AB,740.0,household
41836,8381,QR,8039.0,other
41881,8405,YZ,410.0,household
41882,8405,ST,4095.0,other
41883,8405,UV,3344.0,insurance
41884,8405,OP,4437.0,loan_repayment
41894,8411,GH,3677.3,loan_repayment
41895,8411,CD,5812.0,household
41896,8411,OP,3507.0,other
41989,8475,EF,495.0,household
41990,8475,WX,3833.0,other
41991,8475,AB,878.0,loan_repayment
42003,8489,ST,3835.0,household
42004,8489,GH,7370.0,loan_repayment
42008,8492,ST,4403.0,household
42009,8492,EF,1431.0,loan_repayment
42029,8505,UV,3570.0,loan_repayment
42047,8519,KL,6224.3,loan_repayment
42048,8519,IJ,13711.0,household
42056,8523,AB,7753.3,loan_repayment
42068,8533,YZ,3626.0,loan_repayment
42084,8547,AB,4806.5,loan_repayment
42104,8558,OP,4806.5,loan_repayment
42115,8564,ST,3195.0,loan_repayment
42116,8564,UV,7170.0,household
42117,8564,EF,5483.0,other
42119,8566,MN,6394.8,loan_repayment
42120,8566,AB,555.0,household
42121,8566,OP,8894.0,other
42200,8625,UV,1970.8,loan_repayment
42201,8625,YZ,8151.0,household
42221,8639,MN,3094.5,loan_repayment
42234,8645,KL,8919.0,household
42235,8645,CD,4015.0,loan_repayment
42274,8680,UV,2381.2,loan_repayment
42275,8680,ST,3598.0,household
42276,8680,OP,8566.0,other
42286,8688,WX,5665.0,loan_repayment
42322,8713,ST,2845.0,loan_repayment
42360,8742,MN,68.0,household
42361,8742,EF,235.0,other
42362,8742,YZ,6089.0,insurance
42363,8742,GH,2762.0,loan_repayment
42392,8759,ST,1562.1,leasing
42414,8772,KL,1839.3,loan_repayment
42415,8772,CD,7357.0,household
42420,8776,CD,708.0,loan_repayment
42431,8784,UV,3098.0,loan_repayment
42432,8784,KL,7097.0,household
42581,8896,AB,2474.6,leasing
42584,8899,CD,2088.8,loan_repayment
42585,8899,OP,3713.0,household
42612,8919,KL,166.0,household
42613,8919,ST,2670.0,other
42614,8919,IJ,3171.0,loan_repayment
42625,8926,ST,3912.0,household
42626,8926,WX,2693.0,other
42627,8926,MN,1142.0,insurance
42628,8926,UV,25.0,other
42629,8926,CD,9444.0,loan_repayment
42633,8931,KL,3104.7,loan_repayment
42634,8931,WX,1749.0,household
42635,8931,MN,6294.0,other
42674,8957,IJ,1209.4,leasing
42697,8972,EF,4719.0,household
42698,8972,YZ,2056.0,other
42699,8972,CD,938.0,loan_repayment
42713,8982,OP,6330.2,loan_repayment
42734,8998,IJ,3798.1,leasing
42743,9006,YZ,3883.0,loan_repayment
42744,9006,UV,4541.0,household
42763,9017,IJ,2088.0,loan_repayment
42771,9024,AB,6270.0,household
42772,9024,GH,1472.0,loan_repayment
42779,9030,UV,2587.0,household
42780,9030,YZ,831.0,other
42781,9030,UV,3242.0,loan_repayment
42782,9031,UV,2088.0,loan_repayment
42783,9031,AB,4228.0,household
42784,9031,AB,145.0,other
42785,9031,IJ,645.0,insurance
42787,9034,UV,3179.0,loan_repayment
42788,9034,YZ,4697.0,household
42789,9034,ST,621.0,other
42790,9034,AB,9115.0,insurance
42796,9037,QR,3416.0,household
42797,9037,QR,4033.0,other
42798,9037,YZ,6707.0,loan_repayment
42813,9052,QR,2999.3,loan_repayment
42874,9093,AB,1311.0,household
42875,9093,QR,2617.0,other
42876,9093,OP,3155.0,loan_repayment
42889,9104,AB,3585.2,loan_repayment
42942,9138,ST,4537.3,loan_repayment
42943,9138,IJ,9519.0,household
42944,9138,ST,2666.0,other
42946,9140,CD,9264.0,household
42947,9140,UV,19.0,other
42948,9140,WX,56.0,insurance
42949,9140,MN,334.0,loan_repayment
42965,9153,GH,5042.0,household
42966,9153,ST,1451.0,loan_repayment
42971,9156,WX,4537.3,loan_repayment
42976,9159,EF,6869.0,household
42977,9159,QR,1847.0,other
42978,9159,YZ,253.0,insurance
42979,9159,IJ,316.0,other
42980,9159,ST,1450.0,loan_repayment
42990,9167,MN,4537.3,loan_repayment
42991,9167,QR,4950.0,household
42992,9167,WX,887.0,other
42993,9167,AB,545.0,insurance
43002,9179,CD,3583.7,loan_repayment
43009,9188,GH,2118.3,loan_repayment
43010,9188,OP,7936.0,household
43011,9188,GH,471.0,other
43012,9188,OP,66.0,insurance
43023,9199,WX,2454.5,loan_repayment
43025,9201,AB,5103.0,loan_repayment
43026,9201,CD,13461.0,household
43034,9208,WX,3421.5,loan_repayment
43055,9225,YZ,3421.5,loan_repayment
43056,9227,IJ,1784.0,household
43057,9227,AB,1164.0,other
43058,9227,GH,3193.0,loan_repayment
43068,9235,UV,1735.0,loan_repayment
43069,9236,YZ,2239.0,household
43070,9236,AB,2276.0,other
43071,9236,KL,7218.0,loan_repayment
43081,9241,ST,4753.7,loan_repayment
43082,9241,WX,3595.0,household
43083,9242,IJ,1932.0,loan_repayment
43117,9263,YZ,3298.3,loan_repayment
43118,9263,IJ,9874.0,household
43119,9263,ST,62.0,other
43122,9265,IJ,3298.3,loan_repayment
43123,9265,EF,9493.0,household
43124,9265,EF,4017.0,other
43182,9307,EF,3491.5,loan_repayment
43183,9307,EF,4654.0,household
43184,9307,AB,2735.0,other
43228,9337,CD,2172.0,loan_repayment
43248,9353,WX,7859.0,loan_repayment
43249,9353,GH,10240.0,household
43294,9377,QR,4164.0,loan_repayment
43295,9377,QR,2758.0,household
43296,9377,AB,3983.0,other
43327,9403,GH,3358.0,loan_repayment
43328,9403,IJ,3225.0,household
43357,9422,QR,7182.5,loan_repayment
43358,9422,ST,107.0,household
43359,9422,YZ,3136.0,other
43361,9424,EF,2322.7,loan_repayment
43375,9433,KL,1860.0,loan_repayment
43405,9455,YZ,6245.8,loan_repayment
43406,9455,KL,2789.0,household
43407,9455,IJ,618.0,other
43408,9455,IJ,7793.0,insurance
43436,9472,AB,3033.0,loan_repayment
43437,9472,KL,5119.0,household
43465,9491,ST,4698.0,loan_repayment
43466,9491,GH,4704.0,household
43467,9491,GH,2245.0,other
43468,9491,QR,872.0,insurance
43469,9493,AB,3930.8,loan_repayment
43470,9493,WX,6803.0,household
43471,9494,IJ,4746.0,household
43472,9494,GH,9736.0,loan_repayment
43489,9504,KL,5688.0,loan_repayment
43501,9510,EF,6341.0,loan_repayment
43508,9513,WX,8319.0,household
43509,9513,WX,1527.0,loan_repayment
43561,9548,YZ,9613.0,household
43562,9548,OP,962.0,loan_repayment
43573,9560,OP,4362.7,loan_repayment
43574,9560,EF,7234.0,household
43600,9583,MN,4362.7,loan_repayment
43601,9583,EF,13386.0,household
43610,9591,WX,4362.7,loan_repayment
43611,9591,QR,4146.0,household
43664,9627,KL,5091.3,loan_repayment
43669,9631,MN,2476.8,loan_repayment
43673,9633,ST,2476.8,loan_repayment
43683,9640,WX,3184.3,loan_repayment
43684,9640,QR,10597.0,household
43685,9640,GH,4087.0,other
43692,9645,EF,4893.0,loan_repayment
43693,9645,KL,5183.0,household
43694,9646,QR,5813.5,loan_repayment
43708,9656,EF,5813.5,loan_repayment
43709,9656,OP,10721.0,household
43737,9673,QR,2450.2,loan_repayment
43738,9673,GH,3684.0,household
43746,9677,WX,8944.0,household
43747,9677,AB,527.0,loan_repayment
43789,9703,KL,2467.0,leasing
43796,9707,IJ,3112.1,leasing
43821,9730,WX,258.0,household
43822,9730,AB,4764.0,other
43823,9730,WX,1934.0,loan_repayment
43824,9731,IJ,3160.7,loan_repayment
43825,9731,AB,4967.0,household
43826,9731,OP,1320.0,other
43849,9750,OP,3160.7,loan_repayment
43912,9790,UV,2791.0,loan_repayment
43913,9790,EF,9210.0,household
43914,9790,AB,993.0,other
43915,9790,QR,2488.0,insurance
43945,9814,QR,8013.7,loan_repayment
43962,9828,UV,5274.7,loan_repayment
43972,9833,OP,8136.0,loan_repayment
43973,9833,ST,6531.0,household
43974,9833,EF,5915.0,other
44009,9859,EF,5010.5,loan_repayment
44010,9859,QR,1008.0,household
44011,9859,KL,1476.0,other
44012,9859,KL,765.0,insurance
44027,9869,YZ,5887.0,household
44028,9869,MN,2498.0,other
44029,9869,CD,5526.0,loan_repayment
44048,9883,MN,2768.9,leasing
44049,9883,CD,713.0,household
44050,9883,CD,1780.0,other
44051,9883,WX,12504.0,insurance
44070,9897,IJ,3013.5,loan_repayment
44071,9897,ST,1507.0,household
44072,9897,IJ,4339.0,other
44073,9897,YZ,6953.0,insurance
44112,9928,AB,5016.0,household
44113,9928,KL,1489.0,loan_repayment
44226,10001,WX,529.0,loan_repayment
44232,10005,WX,5854.2,loan_repayment
44233,10005,WX,9151.0,household
44247,10019,QR,5415.0,loan_repayment
44249,10022,OP,4542.7,loan_repayment
44250,10022,MN,7678.0,household
44251,10022,MN,4104.0,other
44272,10036,EF,4729.9,leasing
44297,10049,CD,1609.0,household
44298,10049,ST,1281.0,other
44299,10049,GH,7636.0,loan_repayment
44321,10063,UV,6483.7,loan_repayment
44322,10063,GH,90.0,household
44323,10063,UV,7601.0,other
44324,10063,YZ,2746.0,insurance
44325,10063,ST,1326.0,other
44328,10065,CD,6483.7,loan_repayment
44330,10068,WX,6483.7,loan_repayment
44345,10079,YZ,2784.8,loan_repayment
44355,10093,GH,6436.0,loan_repayment
44356,10093,EF,2762.0,household
44357,10093,WX,331.0,other
44358,10093,EF,7082.0,insurance
44373,10105,OP,5079.0,loan_repayment
44408,10131,YZ,5983.0,loan_repayment
44412,10134,EF,5681.8,loan_repayment
44413,10134,QR,9535.0,household
44435,10148,UV,4205.0,household
44436,10148,UV,1866.0,other
44437,10148,ST,1842.0,loan_repayment
44523,10202,AB,6363.3,loan_repayment
44524,10202,QR,1281.0,household
44525,10202,CD,4880.0,other
44536,10215,UV,152.0,household
44537,10215,GH,4122.0,other
44538,10215,WX,1846.0,loan_repayment
44562,10233,MN,3985.7,loan_repayment
44563,10233,WX,456.0,household
44564,10233,CD,53.0,other
44565,10233,OP,986.0,insurance
44566,10233,MN,4260.0,other
44578,10243,GH,3151.3,loan_repayment
44598,10257,IJ,3151.3,loan_repayment
44599,10257,YZ,14801.0,household
44611,10266,EF,3151.3,loan_repayment
44634,10280,EF,5802.3,loan_repayment
44665,10297,CD,9902.0,household
44666,10297,WX,8771.0,loan_repayment
44698,10320,KL,4328.8,loan_repayment
44699,10320,KL,12414.0,household
44732,10345,UV,6742.0,household
44733,10345,UV,2605.0,loan_repayment
44743,10351,CD,4410.0,household
44744,10351,GH,1848.0,loan_repayment
44765,10361,CD,7240.0,loan_repayment
44769,10364,EF,6262.0,household
44770,10364,IJ,609.0,loan_repayment
44771,10365,OP,7240.0,loan_repayment
44772,10365,MN,4325.0,household
44773,10365,GH,6395.0,other
44774,10365,OP,331.0,insurance
44775,10365,YZ,1773.0,other
44836,10404,AB,2171.0,household
44837,10404,AB,1203.0,other
44838,10404,AB,100.0,insurance
44839,10404,UV,883.0,other
44840,10404,ST,3238.0,loan_repayment
44850,10411,GH,5142.0,loan_repayment
44851,10411,ST,3020.0,household
44852,10411,GH,1807.0,other
44853,10411,CD,2323.0,insurance
44854,10411,ST,7732.0,other
44894,10436,AB,1511.0,loan_repayment
44899,10439,AB,6315.0,loan_repayment
44900,10439,WX,10134.0,household
44901,10440,YZ,2960.0,household
44902,10440,IJ,1950.0,other
44903,10440,AB,1000.0,loan_repayment
44909,10445,MN,3234.0,household
44910,10445,EF,1951.0,loan_repayment
44923,10451,CD,2439.0,household
44924,10451,QR,4653.0,other
44925,10451,MN,689.0,insurance
44926,10451,YZ,8049.0,loan_repayment
44966,10478,MN,5575.3,loan_repayment
44983,10493,UV,5575.3,loan_repayment
44984,10493,YZ,8594.0,household
44985,10493,AB,842.0,other
45022,10520,MN,6959.8,loan_repayment
45167,10613,MN,5204.2,loan_repayment
45189,10630,UV,7303.0,household
45190,10630,OP,8260.0,loan_repayment
45210,10644,ST,7498.7,loan_repayment
45211,10644,GH,11053.0,household
45212,10645,AB,5787.0,loan_repayment
45213,10645,MN,3740.0,household
45221,10650,QR,4088.0,loan_repayment
45222,10650,WX,10356.0,household
45224,10652,UV,3810.0,loan_repayment
45225,10652,MN,1290.0,household
45226,10652,QR,2362.0,other
45244,10663,MN,7223.2,loan_repayment
45245,10663,YZ,4782.0,household
45246,10663,YZ,9317.0,other
45271,10679,AB,8241.8,loan_repayment
45272,10679,UV,6670.0,household
45324,10711,MN,2714.0,household
45325,10711,OP,413.0,other
45326,10711,WX,85.0,insurance
45327,10711,EF,443.0,other
45328,10711,GH,403.0,loan_repayment
45347,10728,QR,3221.5,loan_repayment
45348,10728,UV,3867.0,household
45363,10738,UV,3221.5,loan_repayment
45364,10738,CD,186.0,household
45365,10738,CD,8042.0,other
45401,10762,WX,5435.0,household
45402,10762,YZ,1912.0,loan_repayment
45417,10774,AB,3728.0,household
45418,10774,QR,7066.0,loan_repayment
45433,10788,EF,3813.7,loan_repayment
45435,10789,IJ,3813.7,loan_repayment
45436,10789,GH,10340.0,household
45437,10789,GH,933.0,other
45438,10789,AB,2670.0,insurance
45448,10799,UV,519.0,loan_repayment
45455,10807,EF,5622.5,loan_repayment
45460,10812,IJ,2931.0,loan_repayment
45536,10857,UV,6426.3,loan_repayment
45575,10884,IJ,3154.0,loan_repayment
45576,10884,EF,1326.0,household
45577,10884,QR,4408.0,other
45605,10904,IJ,538.0,leasing
45606,10905,AB,2939.0,household
45607,10905,EF,1682.0,other
45608,10905,KL,1190.0,loan_repayment
45612,10911,QR,3647.0,loan_repayment
45613,10911,YZ,7312.0,household
45618,10915,AB,2540.8,loan_repayment
45619,10915,CD,2596.0,household
45620,10915,GH,390.0,other
45621,10915,IJ,3651.0,insurance
45622,10915,WX,4520.0,other
45666,10940,KL,7517.0,household
45667,10940,YZ,5493.0,loan_repayment
45669,10942,IJ,5242.0,loan_repayment
45670,10942,AB,10472.0,household
45688,10954,ST,312.0,loan_repayment
45704,10963,AB,3216.7,loan_repayment
45717,10973,OP,3216.7,loan_repayment
45776,11013,YZ,4579.0,loan_repayment
45777,11013,CD,756.0,household
45778,11013,IJ,9499.0,other
45793,11021,KL,7040.7,loan_repayment
45800,11027,QR,2004.2,loan_repayment
45801,11027,GH,3799.0,household
45826,11042,EF,6031.8,loan_repayment
45827,11042,UV,8436.0,household
45845,11053,KL,3619.1,leasing
45846,11054,KL,2482.0,loan_repayment
45847,11054,EF,11506.0,household
45868,11065,MN,1445.0,loan_repayment
45873,11069,QR,2482.0,loan_repayment
45885,11079,UV,8191.5,loan_repayment
45902,11096,QR,6661.0,household
45903,11096,WX,3555.0,loan_repayment
45922,11111,MN,3004.5,loan_repayment
45923,11111,CD,4736.0,household
45969,11135,OP,3264.0,household
45970,11135,UV,5073.0,loan_repayment
45974,11138,YZ,3744.7,loan_repayment
45978,11141,QR,3744.7,loan_repayment
46055,11186,UV,6541.2,loan_repayment
46056,11186,WX,9810.0,household
46125,11231,CD,7440.5,loan_repayment
46126,11231,AB,9783.0,household
46127,11231,UV,229.0,other
46149,11244,KL,6490.5,loan_repayment
46150,11244,EF,12154.0,household
46184,11265,KL,506.0,household
46185,11265,WX,2607.0,other
46186,11265,KL,4399.0,loan_repayment
46193,11271,QR,1870.3,loan_repayment
46194,11271,EF,5808.0,household
46195,11271,AB,2364.0,other
46196,11271,IJ,516.0,insurance
46258,11317,CD,5290.8,loan_repayment
46259,11317,KL,3849.0,household
46260,11317,YZ,2784.0,other
46273,11327,YZ,3693.0,household
46274,11327,CD,1632.0,loan_repayment
46275,11328,YZ,4674.0,loan_repayment
46289,11333,IJ,3286.7,leasing
46311,11349,KL,6998.0,loan_repayment
46312,11349,GH,10886.0,household
46328,11359,EF,4502.3,loan_repayment
46329,11359,OP,4518.0,household
46330,11359,AB,254.0,other
46334,11362,YZ,4780.0,household
46335,11362,MN,56.0,other
46336,11362,ST,330.0,insurance
46337,11362,KL,129.0,other
46338,11362,MN,5392.0,loan_repayment
